,movie,rate,predict
0,Toy Story (1995),4.0,4.158879594592382
1,GoldenEye (1995),0.0,3.1792201419887083
2,Four Rooms (1995),0.0,2.994572051628984
3,Get Shorty (1995),0.0,3.2821613408293477
4,Copycat (1995),0.0,3.0710762426507774
5,Shanghai Triad (Yao a yao yao dao waipo qiao) (1995),0.0,2.36081316252448
6,Twelve Monkeys (1995),3.0,3.8643294816833462
7,Babe (1995),0.0,2.978171705414534
8,Dead Man Walking (1995),0.0,3.5959774658391472
9,Richard III (1995),0.0,3.325292508331374
10,Seven (Se7en) (1995),0.0,5.139660446044553
11,"Usual Suspects, The (1995)",5.0,4.543193177470121
12,Mighty Aphrodite (1995),0.0,2.9342056179518763
13,"Postino, Il (1994)",0.0,3.11074048557502
14,Mr. Holland's Opus (1995),0.0,3.663382444766017
15,French Twist (Gazon maudit) (1995),0.0,2.6610169675764546
16,From Dusk Till Dawn (1996),0.0,3.685036601460509
17,"White Balloon, The (1995)",0.0,1.595261726486515
18,Antonia's Line (1995),0.0,3.3302942201762633
19,Angels and Insects (1995),0.0,1.6039804705076424
20,Muppet Treasure Island (1996),0.0,2.0548428885079013
21,Braveheart (1995),0.0,4.702513388676211
22,Taxi Driver (1976),0.0,3.445263134961558
23,Rumble in the Bronx (1995),0.0,4.206807024371204
24,"Birdcage, The (1996)",0.0,3.3698297850215844
25,"Brothers McMullen, The (1995)",0.0,3.513931150010909
26,Bad Boys (1995),0.0,2.792773414265663
27,Apollo 13 (1995),0.0,3.7396754778418075
28,Batman Forever (1995),0.0,2.5357621635829624
29,Belle de jour (1967),0.0,2.786595297857334
30,Crimson Tide (1995),0.0,3.625228914104273
31,Crumb (1994),0.0,3.0425663818689452
32,Desperado (1995),0.0,3.2513014460902996
33,"Doom Generation, The (1995)",0.0,1.8170450056194603
34,Free Willy 2: The Adventure Home (1995),0.0,1.3443345882236182
35,Mad Love (1995),0.0,1.4126081936496597
36,Nadja (1994),0.0,1.3053358068355565
37,"Net, The (1995)",0.0,2.423190680903406
38,Strange Days (1995),0.0,3.199878548947769
39,"To Wong Foo, Thanks for Everything! Julie Newmar (1995)",0.0,1.8165358451608107
40,Billy Madison (1995),0.0,3.3252394641332432
41,Clerks (1994),0.0,4.537706278313241
42,Disclosure (1994),0.0,2.0886199187790115
43,Dolores Claiborne (1994),0.0,2.747949453334802
44,Eat Drink Man Woman (1994),0.0,3.568581370346109
45,Exotica (1994),0.0,2.4403113788778676
46,Ed Wood (1994),0.0,3.1550556808827963
47,Hoop Dreams (1994),0.0,3.6792513982670556
48,I.Q. (1994),0.0,2.9035962614288433
49,Star Wars (1977),0.0,4.107415778454127
50,Legends of the Fall (1994),0.0,2.957598065718517
51,"Madness of King George, The (1994)",0.0,3.028216834713515
52,Natural Born Killers (1994),0.0,3.0367745899072616
53,Outbreak (1995),4.0,3.2489508670929523
54,"Professional, The (1994)",0.0,3.9013001411711197
55,Pulp Fiction (1994),0.0,4.891870428569229
56,Priest (1994),0.0,2.5894494147132585
57,Quiz Show (1994),0.0,3.4906946411818356
58,Three Colors: Red (1994),0.0,2.9799508756364705
59,Three Colors: Blue (1993),0.0,2.830109668011396
60,Three Colors: White (1994),0.0,3.0156344633148886
61,Stargate (1994),0.0,2.739852493257273
62,"Santa Clause, The (1994)",0.0,2.3432224925033234
63,"Shawshank Redemption, The (1994)",5.0,4.780663823782997
64,What's Eating Gilbert Grape (1993),0.0,2.9158583936605584
65,While You Were Sleeping (1995),3.0,3.0885228961458093
66,Ace Ventura: Pet Detective (1994),0.0,3.44458824003862
67,"Crow, The (1994)",0.0,4.089208228413009
68,Forrest Gump (1994),5.0,4.130803533218028
69,Four Weddings and a Funeral (1994),0.0,3.3803748495653934
70,"Lion King, The (1994)",0.0,3.4554089406192827
71,"Mask, The (1994)",0.0,2.7269989650780544
72,Maverick (1994),0.0,3.1816144573525054
73,Faster Pussycat! Kill! Kill! (1965),0.0,1.723695106963829
74,Brother Minister: The Assassination of Malcolm X (1994),0.0,1.8571337644741917
75,Carlito's Way (1993),0.0,3.5063500962905176
76,"Firm, The (1993)",0.0,2.9132912436290725
77,Free Willy (1993),0.0,1.8709018390168866
78,"Fugitive, The (1993)",0.0,4.393503973143182
79,Hot Shots! Part Deux (1993),0.0,2.467638396256638
80,"Hudsucker Proxy, The (1994)",0.0,2.748183860700435
81,Jurassic Park (1993),0.0,3.9685525427181023
82,Much Ado About Nothing (1993),0.0,3.952482935381092
83,Robert A. Heinlein's The Puppet Masters (1994),0.0,2.0085837529185517
84,"Ref, The (1994)",0.0,2.750223606711508
85,"Remains of the Day, The (1993)",0.0,3.4416138798314004
86,Searching for Bobby Fischer (1993),0.0,3.7731579985469774
87,Sleepless in Seattle (1993),0.0,3.0371410674450496
88,Blade Runner (1982),0.0,3.824045174172998
89,So I Married an Axe Murderer (1993),0.0,3.0859788384124016
90,"Nightmare Before Christmas, The (1993)",0.0,3.1423569765799333
91,True Romance (1993),0.0,3.676885558980522
92,Welcome to the Dollhouse (1995),0.0,3.120615641487939
93,Home Alone (1990),0.0,2.8968077479026553
94,Aladdin (1992),0.0,3.632549774442684
95,Terminator 2: Judgment Day (1991),0.0,4.439861183082647
96,Dances with Wolves (1990),0.0,3.3784206460190913
97,"Silence of the Lambs, The (1991)",0.0,4.4819765866970185
98,Snow White and the Seven Dwarfs (1937),0.0,3.0233876587833812
99,Fargo (1996),0.0,4.009008706739572
100,Heavy Metal (1981),0.0,3.2908614941620487
101,"Aristocats, The (1970)",0.0,2.6111778650992603
102,All Dogs Go to Heaven 2 (1996),0.0,1.3396337105957976
103,Theodore Rex (1995),0.0,0.66122045233203
104,Sgt. Bilko (1996),0.0,2.2810064785697977
105,Diabolique (1996),0.0,2.297510232785506
106,Moll Flanders (1996),0.0,2.9994470532653077
107,Kids in the Hall: Brain Candy (1996),0.0,2.7212147556232558
108,Mystery Science Theater 3000: The Movie (1996),0.0,3.125829821649309
109,Operation Dumbo Drop (1995),0.0,1.617340597827292
110,"Truth About Cats & Dogs, The (1996)",0.0,3.2285511460462297
111,Flipper (1996),0.0,1.7211207067336631
112,"Horseman on the Roof, The (Hussard sur le toit, Le) (1995)",0.0,2.3824008521635474
113,Wallace & Gromit: The Best of Aardman Animation (1996),0.0,3.9353002368717798
114,"Haunted World of Edward D. Wood Jr., The (1995)",0.0,2.8284572401906938
115,Cold Comfort Farm (1995),0.0,2.8827728337570915
116,"Rock, The (1996)",0.0,4.735331373385172
117,Twister (1996),0.0,3.168898368345272
118,Maya Lin: A Strong Clear Vision (1994),0.0,1.7836970442756255
119,Striptease (1996),0.0,2.26568423457702
120,Independence Day (ID4) (1996),0.0,3.0872890002504128
121,"Cable Guy, The (1996)",0.0,2.516124689818603
122,"Frighteners, The (1996)",0.0,3.4925319879481718
123,Lone Star (1996),0.0,2.9086950264190983
124,Phenomenon (1996),0.0,3.344431156353228
125,"Spitfire Grill, The (1996)",0.0,3.4044489475799664
126,"Godfather, The (1972)",0.0,4.75930021142872
127,Supercop (1992),0.0,3.53222655713305
128,Bound (1996),0.0,4.029733875881497
129,Kansas City (1996),0.0,1.697487056636363
130,Breakfast at Tiffany's (1961),0.0,2.777428055973248
131,"Wizard of Oz, The (1939)",0.0,3.148706979316889
132,Gone with the Wind (1939),0.0,2.856976783321849
133,Citizen Kane (1941),0.0,3.2622051957250746
134,2001: A Space Odyssey (1968),0.0,3.249896190480725
135,Mr. Smith Goes to Washington (1939),0.0,3.420347544360924
136,Big Night (1996),0.0,2.7518800670195254
137,D3: The Mighty Ducks (1996),0.0,2.1404890235020506
138,"Love Bug, The (1969)",0.0,2.207483113711222
139,Homeward Bound: The Incredible Journey (1993),0.0,2.850256238272028
140,"20,000 Leagues Under the Sea (1954)",0.0,2.9778960136717663
141,Bedknobs and Broomsticks (1971),0.0,2.2446626393472626
142,"Sound of Music, The (1965)",0.0,3.275752395698647
143,Die Hard (1988),0.0,4.595854487067989
144,"Lawnmower Man, The (1992)",0.0,2.4670402229733726
145,Unhook the Stars (1996),0.0,1.6370085004627248
146,"Long Kiss Goodnight, The (1996)",0.0,4.076595237814494
147,"Ghost and the Darkness, The (1996)",0.0,3.0989482796536776
148,Jude (1996),0.0,2.480488855166632
149,Swingers (1996),0.0,4.053391392425425
150,Willy Wonka and the Chocolate Factory (1971),0.0,4.138119557434343
151,Sleeper (1973),0.0,2.874065500316407
152,"Fish Called Wanda, A (1988)",0.0,3.49107738874339
153,Monty Python's Life of Brian (1979),0.0,3.2275766930959624
154,Dirty Dancing (1987),0.0,2.65186750674259
155,Reservoir Dogs (1992),0.0,4.586743768383675
156,Platoon (1986),0.0,3.940573728973383
157,Weekend at Bernie's (1989),0.0,2.610170421308241
158,Basic Instinct (1992),0.0,3.3037569421226736
159,Glengarry Glen Ross (1992),0.0,3.02311506269901
160,Top Gun (1986),0.0,3.9564672367698424
161,On Golden Pond (1981),0.0,2.6219439045582305
162,"Return of the Pink Panther, The (1974)",0.0,3.029337066974113
163,"Abyss, The (1989)",0.0,3.499265177939498
164,Jean de Florette (1986),0.0,3.192906084626189
165,Manon of the Spring (Manon des sources) (1986),0.0,3.2348640670667046
166,Private Benjamin (1980),0.0,2.4715787867262837
167,Monty Python and the Holy Grail (1974),0.0,4.018962202045159
168,"Wrong Trousers, The (1993)",0.0,3.8748731926602487
169,Cinema Paradiso (1988),0.0,3.1446386921573155
170,Delicatessen (1991),0.0,3.2192590574446585
171,"Empire Strikes Back, The (1980)",0.0,4.074570126317956
172,"Princess Bride, The (1987)",0.0,4.228346759037547
173,Raiders of the Lost Ark (1981),0.0,4.294637328057307
174,Brazil (1985),0.0,3.0224952642809035
175,Aliens (1986),0.0,4.692256605073136
176,"Good, The Bad and The Ugly, The (1966)",0.0,3.7541403265036086
177,12 Angry Men (1957),0.0,3.711757187974684
178,"Clockwork Orange, A (1971)",0.0,3.9647715486515946
179,Apocalypse Now (1979),0.0,4.233732032248097
180,Return of the Jedi (1983),0.0,3.761417526954495
181,GoodFellas (1990),0.0,4.452593845333146
182,Alien (1979),4.0,4.093707571980204
183,Army of Darkness (1993),0.0,4.1608944301515365
184,Psycho (1960),0.0,3.639404074634223
185,"Blues Brothers, The (1980)",0.0,4.330543644436404
186,"Godfather: Part II, The (1974)",0.0,4.275884019172956
187,Full Metal Jacket (1987),0.0,4.098292094523485
188,"Grand Day Out, A (1992)",0.0,3.5449899563751823
189,Henry V (1989),0.0,3.8982547446521796
190,Amadeus (1984),0.0,3.9808234255541843
191,Raging Bull (1980),0.0,3.781083681010062
192,"Right Stuff, The (1983)",0.0,3.623944498211899
193,"Sting, The (1973)",0.0,3.5234656047470323
194,"Terminator, The (1984)",0.0,4.382686455743756
195,Dead Poets Society (1989),0.0,3.697237675343432
196,"Graduate, The (1967)",0.0,3.4441589297649715
197,Nikita (La Femme Nikita) (1990),0.0,4.120342860007654
198,"Bridge on the River Kwai, The (1957)",0.0,3.785904666962699
199,"Shining, The (1980)",0.0,4.064879366331415
200,Evil Dead II (1987),0.0,4.027981061250968
201,Groundhog Day (1993),0.0,3.3068975457886727
202,Unforgiven (1992),0.0,4.343272266349505
203,Back to the Future (1985),0.0,3.779337121470279
204,Patton (1970),0.0,4.4441974509140625
205,Akira (1988),0.0,2.9491510370483036
206,Cyrano de Bergerac (1990),0.0,3.2344157702043654
207,Young Frankenstein (1974),0.0,3.278355676896525
208,This Is Spinal Tap (1984),0.0,3.4445940960050367
209,Indiana Jones and the Last Crusade (1989),0.0,4.003192975454255
210,M*A*S*H (1970),0.0,3.6073256020449795
211,"Unbearable Lightness of Being, The (1988)",0.0,2.5092566402558156
212,"Room with a View, A (1986)",0.0,2.8734138252400454
213,Pink Floyd - The Wall (1982),0.0,2.9313080476464894
214,Field of Dreams (1989),0.0,3.6416462082296586
215,When Harry Met Sally... (1989),0.0,3.9699276922100637
216,Bram Stoker's Dracula (1992),0.0,3.386274081012934
217,Cape Fear (1991),0.0,3.830981630100893
218,"Nightmare on Elm Street, A (1984)",0.0,4.126402777114042
219,"Mirror Has Two Faces, The (1996)",0.0,3.007578783488343
220,Breaking the Waves (1996),0.0,2.6456470830112147
221,Star Trek: First Contact (1996),0.0,3.7875776126674627
222,Sling Blade (1996),0.0,3.8030066515266006
223,Ridicule (1996),0.0,2.9460616253649357
224,101 Dalmatians (1996),0.0,2.7244038587095987
225,Die Hard 2 (1990),5.0,3.3579982475006576
226,Star Trek VI: The Undiscovered Country (1991),0.0,2.751921158411643
227,Star Trek: The Wrath of Khan (1982),0.0,3.4839916205967976
228,Star Trek III: The Search for Spock (1984),0.0,2.2597971511340007
229,Star Trek IV: The Voyage Home (1986),0.0,2.8614729394833147
230,Batman Returns (1992),0.0,2.4076943822087014
231,Young Guns (1988),0.0,3.4944118418640175
232,Under Siege (1992),0.0,3.355911399404276
233,Jaws (1975),0.0,3.999726235365444
234,Mars Attacks! (1996),0.0,3.2578512687785266
235,Citizen Ruth (1996),0.0,2.906616395163384
236,Jerry Maguire (1996),0.0,4.349645622447128
237,Raising Arizona (1987),0.0,3.705365940618167
238,Sneakers (1992),0.0,3.46034886228398
239,Beavis and Butt-head Do America (1996),0.0,3.801832416701331
240,"Last of the Mohicans, The (1992)",0.0,3.4806716332533094
241,Kolya (1996),0.0,3.577596648684522
242,Jungle2Jungle (1997),0.0,2.0804163522008423
243,Smilla's Sense of Snow (1997),0.0,2.8546334628510155
244,"Devil's Own, The (1997)",0.0,3.2223184478333025
245,Chasing Amy (1997),0.0,3.6846371593960803
246,Turbo: A Power Rangers Movie (1997),0.0,0.9196578782448704
247,Grosse Pointe Blank (1997),0.0,3.808307048892512
248,Austin Powers: International Man of Mystery (1997),0.0,3.7965810629054695
249,"Fifth Element, The (1997)",0.0,3.4810788688109393
250,Shall We Dance? (1996),0.0,3.5135537457884216
251,"Lost World: Jurassic Park, The (1997)",0.0,1.999620035703171
252,"Pillow Book, The (1995)",0.0,3.147463896039216
253,Batman & Robin (1997),0.0,1.9207560668455694
254,My Best Friend's Wedding (1997),0.0,3.5674232002517163
255,When the Cats Away (Chacun cherche son chat) (1996),0.0,2.4706634116368105
256,Men in Black (1997),0.0,3.767407863321972
257,Contact (1997),0.0,3.356501535367871
258,George of the Jungle (1997),0.0,3.314705994140892
259,Event Horizon (1997),0.0,3.5843808076581816
260,Air Bud (1997),0.0,2.1873565589498214
261,In the Company of Men (1997),0.0,2.9061162294193914
262,Steel (1997),0.0,1.0971439275973505
263,Mimic (1997),0.0,2.8451954771875974
264,"Hunt for Red October, The (1990)",0.0,4.014617489164654
265,Kull the Conqueror (1997),0.0,2.3076353387021875
266,unknown,0.0,2.544177037714216
267,Chasing Amy (1997),0.0,4.051620459365129
268,"Full Monty, The (1997)",0.0,3.9159345654498834
269,Gattaca (1997),0.0,3.7637188961966905
270,Starship Troopers (1997),0.0,4.096228508819549
271,Good Will Hunting (1997),0.0,5.003211070598876
272,Heat (1995),0.0,4.5512820069322055
273,Sabrina (1995),0.0,2.9104702975045678
274,Sense and Sensibility (1995),0.0,3.327687860091462
275,Leaving Las Vegas (1995),0.0,3.37659637951501
276,Restoration (1995),0.0,3.248100156656706
277,Bed of Roses (1996),0.0,2.8679330829074483
278,Once Upon a Time... When We Were Colored (1995),0.0,2.6316812366703575
279,Up Close and Personal (1996),0.0,2.721933301340096
280,"River Wild, The (1994)",0.0,3.4857483426197193
281,"Time to Kill, A (1996)",0.0,3.9096471874006324
282,Emma (1996),0.0,2.930402221459535
283,Tin Cup (1996),0.0,3.2102322915253443
284,Secrets & Lies (1996),0.0,3.42791512236837
285,"English Patient, The (1996)",0.0,3.6276056918098947
286,Marvin's Room (1996),0.0,3.6902598532113373
287,Scream (1996),0.0,5.398056851716757
288,Evita (1996),0.0,1.9051800244155288
289,Fierce Creatures (1997),0.0,2.905462955613695
290,Absolute Power (1997),0.0,3.417450088913017
291,Rosewood (1997),0.0,2.8802002523838564
292,Donnie Brasco (1997),0.0,3.9675717125667096
293,Liar Liar (1997),0.0,4.390858939367527
294,Breakdown (1997),0.0,3.2522505111599846
295,"Promesse, La (1996)",0.0,2.1319509188970596
296,Ulee's Gold (1997),0.0,3.102121339341567
297,Face/Off (1997),0.0,4.638113459842082
298,Hoodlum (1997),0.0,2.5954623853943835
299,Air Force One (1997),0.0,4.01068429009699
300,In & Out (1997),0.0,3.466658467373238
301,L.A. Confidential (1997),0.0,3.944480881630188
302,Ulee's Gold (1997),0.0,3.134021560658053
303,Fly Away Home (1996),0.0,3.359496726107867
304,"Ice Storm, The (1997)",0.0,3.443892542826218
305,"Mrs. Brown (Her Majesty, Mrs. Brown) (1997)",0.0,3.8531671353230688
306,"Devil's Advocate, The (1997)",0.0,4.234771144831465
307,FairyTale: A True Story (1997),0.0,2.386225080747292
308,Deceiver (1997),0.0,3.1747440472234336
309,"Rainmaker, The (1997)",0.0,3.8281715443331947
310,"Wings of the Dove, The (1997)",0.0,3.093904348637878
311,Midnight in the Garden of Good and Evil (1997),0.0,2.8232256910768636
312,Titanic (1997),0.0,4.893936020920372
313,3 Ninjas: High Noon At Mega Mountain (1998),0.0,0.4965396411341548
314,Apt Pupil (1998),0.0,4.275810537517189
315,As Good As It Gets (1997),0.0,4.4527613817999026
316,In the Name of the Father (1993),0.0,3.331436416650727
317,Schindler's List (1993),0.0,4.480784272094607
318,Everyone Says I Love You (1996),0.0,2.588989220216515
319,Paradise Lost: The Child Murders at Robin Hood Hills (1996),0.0,3.4673047712758276
320,Mother (1996),0.0,3.6745261551338086
321,Murder at 1600 (1997),0.0,2.9895905136060237
322,Dante's Peak (1997),0.0,2.405523241941941
323,Lost Highway (1997),0.0,2.970000732767068
324,Crash (1996),0.0,2.122744537845622
325,G.I. Jane (1997),0.0,3.6225542443193435
326,Cop Land (1997),0.0,4.123890715935684
327,Conspiracy Theory (1997),0.0,3.889971027654416
328,Desperate Measures (1998),0.0,3.361281053616488
329,187 (1997),0.0,3.124264477320126
330,"Edge, The (1997)",0.0,3.848188036833347
331,Kiss the Girls (1997),0.0,3.582789055289429
332,"Game, The (1997)",0.0,4.7712264109355536
333,U Turn (1997),0.0,3.42337455218552
334,How to Be a Player (1997),0.0,2.6477551462101023
335,Playing God (1997),0.0,2.470238141331429
336,"House of Yes, The (1997)",0.0,2.6756283444167854
337,Bean (1997),0.0,3.219528557770644
338,Mad City (1997),0.0,2.9702695465493623
339,Boogie Nights (1997),0.0,4.054632283989788
340,Critical Care (1997),0.0,2.211951367846852
341,"Man Who Knew Too Little, The (1997)",0.0,2.518199745537112
342,Alien: Resurrection (1997),0.0,3.58136706790729
343,"Apostle, The (1997)",0.0,3.319974019376512
344,Deconstructing Harry (1997),0.0,2.7854524114368697
345,Jackie Brown (1997),0.0,3.940301281178691
346,Wag the Dog (1997),0.0,2.7508162239643617
347,Desperate Measures (1998),0.0,3.278403666601033
348,Hard Rain (1998),0.0,2.7846024567900667
349,Fallen (1998),0.0,3.1324226616952355
350,"Prophecy II, The (1998)",0.0,2.5847875133449905
351,Spice World (1997),0.0,1.9989629850603292
352,Deep Rising (1998),0.0,1.4728629623448162
353,"Wedding Singer, The (1998)",0.0,3.4747495193845537
354,Sphere (1998),5.0,3.0021214650892545
355,"Client, The (1994)",0.0,2.9267707193666
356,One Flew Over the Cuckoo's Nest (1975),0.0,4.424402701914409
357,Spawn (1997),0.0,2.914759943410934
358,"Assignment, The (1997)",0.0,2.945083682629741
359,Wonderland (1997),0.0,2.2490551791526396
360,Incognito (1997),0.0,2.9905122705698886
361,Blues Brothers 2000 (1998),0.0,2.474924965405642
362,Sudden Death (1995),0.0,2.4530569427029163
363,Ace Ventura: When Nature Calls (1995),0.0,1.9529659594955824
364,Powder (1995),0.0,2.69136314351944
365,Dangerous Minds (1995),0.0,2.805075361332944
366,Clueless (1995),0.0,3.3242744166430427
367,Bio-Dome (1996),0.0,1.8509506599575973
368,Black Sheep (1996),0.0,3.01858347733908
369,Mary Reilly (1996),0.0,2.580448755653023
370,"Bridges of Madison County, The (1995)",0.0,2.2681250531165276
371,Jeffrey (1995),0.0,2.583750762122704
372,Judge Dredd (1995),0.0,2.514433154770602
373,Mighty Morphin Power Rangers: The Movie (1995),0.0,1.6806312773774366
374,Showgirls (1995),0.0,1.396010797344255
375,Houseguest (1994),0.0,2.115408618673377
376,Heavyweights (1994),0.0,1.4389662082716268
377,Miracle on 34th Street (1994),0.0,3.19759275497959
378,Tales From the Crypt Presents: Demon Knight (1995),0.0,3.063238078222987
379,Star Trek: Generations (1994),0.0,2.4981705405231702
380,Muriel's Wedding (1994),0.0,2.8575413426984135
381,"Adventures of Priscilla, Queen of the Desert, The (1994)",0.0,2.996712676971803
382,"Flintstones, The (1994)",0.0,1.5360614172176699
383,Naked Gun 33 1/3: The Final Insult (1994),0.0,2.543138802195056
384,True Lies (1994),0.0,4.032912217084311
385,Addams Family Values (1993),0.0,1.6727736904713202
386,"Age of Innocence, The (1993)",0.0,2.561944965381658
387,Beverly Hills Cop III (1994),0.0,1.93673045233282
388,Black Beauty (1994),0.0,2.516973201158462
389,Fear of a Black Hat (1993),0.0,2.059123477381174
390,Last Action Hero (1993),0.0,2.039757849226945
391,"Man Without a Face, The (1993)",0.0,2.8595368042119005
392,Mrs. Doubtfire (1993),0.0,3.1957652998492927
393,Radioland Murders (1994),0.0,2.2804360991547905
394,Robin Hood: Men in Tights (1993),0.0,1.8448272842083302
395,Serial Mom (1994),0.0,2.055309095070236
396,Striking Distance (1993),0.0,1.639836487018584
397,Super Mario Bros. (1993),0.0,1.5286938152452023
398,"Three Musketeers, The (1993)",0.0,2.485666792362351
399,"Little Rascals, The (1994)",0.0,1.423779658608192
400,"Brady Bunch Movie, The (1995)",0.0,2.175699543515486
401,Ghost (1990),0.0,2.90860656247054
402,Batman (1989),0.0,3.7409441741843814
403,Pinocchio (1940),0.0,2.8764727174025917
404,Mission: Impossible (1996),0.0,3.818745593915332
405,Thinner (1996),0.0,2.559423035667462
406,Spy Hard (1996),0.0,1.6034679431945795
407,"Close Shave, A (1995)",0.0,3.716014367528167
408,Jack (1996),0.0,2.678255844865266
409,Kingpin (1996),0.0,4.478572451947161
410,"Nutty Professor, The (1996)",0.0,3.330821999450929
411,"Very Brady Sequel, A (1996)",0.0,2.4928032181658097
412,Tales from the Crypt Presents: Bordello of Blood (1996),0.0,2.8708832573739103
413,My Favorite Year (1982),0.0,2.725908088505219
414,"Apple Dumpling Gang, The (1975)",0.0,1.9199500297455845
415,Old Yeller (1957),0.0,2.6901517380139937
416,"Parent Trap, The (1961)",0.0,2.619254315064908
417,Cinderella (1950),0.0,3.2786608873024137
418,Mary Poppins (1964),0.0,2.787669319912379
419,Alice in Wonderland (1951),0.0,2.8857287042874225
420,William Shakespeare's Romeo and Juliet (1996),0.0,3.5090111773266757
421,Aladdin and the King of Thieves (1996),0.0,2.053880730256893
422,E.T. the Extra-Terrestrial (1982),0.0,3.0176947074896474
423,Children of the Corn: The Gathering (1996),0.0,1.1958479379209375
424,Bob Roberts (1992),0.0,3.365380023627971
425,"Transformers: The Movie, The (1986)",0.0,2.9443229878701254
426,To Kill a Mockingbird (1962),0.0,3.4488989509012766
427,Harold and Maude (1971),0.0,2.6632761400196965
428,"Day the Earth Stood Still, The (1951)",0.0,3.1598479155511443
429,Duck Soup (1933),0.0,3.3330744460817683
430,Highlander (1986),0.0,3.832055566556876
431,Fantasia (1940),0.0,2.8881858781108276
432,Heathers (1989),0.0,3.5496919543956205
433,Forbidden Planet (1956),0.0,2.9948217834128306
434,Butch Cassidy and the Sundance Kid (1969),0.0,3.7208323197737343
435,"American Werewolf in London, An (1981)",0.0,3.4711664724202898
436,Amityville 1992: It's About Time (1992),0.0,0.4892599645036668
437,Amityville 3-D (1983),0.0,0.7060704099927356
438,Amityville: A New Generation (1993),0.0,0.48925995047031406
439,Amityville II: The Possession (1982),0.0,1.2610556460257019
440,"Amityville Horror, The (1979)",0.0,3.0073043706572924
441,"Amityville Curse, The (1990)",0.0,0.6223057945273787
442,"Birds, The (1963)",0.0,3.0018783818337087
443,"Blob, The (1958)",0.0,2.4799025250762123
444,"Body Snatcher, The (1945)",0.0,2.831899230624397
445,Burnt Offerings (1976),0.0,1.994459043843788
446,Carrie (1976),0.0,3.195011787541449
447,"Omen, The (1976)",0.0,3.841848744810819
448,Star Trek: The Motion Picture (1979),0.0,2.1128899982210863
449,Star Trek V: The Final Frontier (1989),0.0,1.627514553458168
450,Grease (1978),0.0,2.7285785356852474
451,Jaws 2 (1978),0.0,2.3512638410766056
452,Jaws 3-D (1983),0.0,1.605672085311285
453,Bastard Out of Carolina (1996),0.0,2.038198223988017
454,Jackie Chan's First Strike (1996),0.0,3.25363941249463
455,Beverly Hills Ninja (1997),0.0,2.6509815081667902
456,Free Willy 3: The Rescue (1997),0.0,1.6197325834856027
457,Nixon (1995),0.0,2.6541497805894534
458,"Cry, the Beloved Country (1995)",0.0,2.827502198368123
459,"Crossing Guard, The (1995)",0.0,2.568296498654764
460,Smoke (1995),0.0,3.029614694603194
461,Like Water For Chocolate (Como agua para chocolate) (1992),0.0,2.750583602618799
462,"Secret of Roan Inish, The (1994)",0.0,2.6766447388021883
463,Vanya on 42nd Street (1994),0.0,2.0960088611975296
464,"Jungle Book, The (1994)",0.0,2.9017864936306887
465,Red Rock West (1992),0.0,3.068102238856105
466,"Bronx Tale, A (1993)",0.0,3.362956266245947
467,Rudy (1993),0.0,2.6906258035389863
468,Short Cuts (1993),0.0,2.9925868446817048
469,Tombstone (1993),0.0,3.752380752713369
470,Courage Under Fire (1996),0.0,3.909672763542054
471,Dragonheart (1996),0.0,2.5913369733841636
472,James and the Giant Peach (1996),0.0,2.4991078337258243
473,Dr. Strangelove or: How I Learned to Stop Worrying and Love the Bomb (1963),0.0,3.237549588312808
474,Trainspotting (1996),0.0,4.271961434492895
475,"First Wives Club, The (1996)",0.0,2.8196436588315734
476,Matilda (1996),0.0,2.791248982470629
477,"Philadelphia Story, The (1940)",0.0,3.3048997631497326
478,Vertigo (1958),0.0,3.1069353760320517
479,North by Northwest (1959),0.0,3.7712024888457085
480,"Apartment, The (1960)",0.0,3.321876519560627
481,Some Like It Hot (1959),0.0,3.2746807396947997
482,Casablanca (1942),0.0,3.632103934625701
483,"Maltese Falcon, The (1941)",0.0,3.2486373047211243
484,My Fair Lady (1964),0.0,3.035047290031556
485,Sabrina (1954),0.0,2.9730269190748215
486,Roman Holiday (1953),0.0,3.4860057093197745
487,Sunset Blvd. (1950),0.0,2.8089917630596704
488,Notorious (1946),0.0,3.019870478456549
489,To Catch a Thief (1955),0.0,3.0985462313419396
490,"Adventures of Robin Hood, The (1938)",0.0,2.7788930263530043
491,East of Eden (1955),0.0,3.0670203189020704
492,"Thin Man, The (1934)",0.0,3.026600761009416
493,His Girl Friday (1940),0.0,3.0889949747631342
494,Around the World in 80 Days (1956),0.0,2.733920640210498
495,It's a Wonderful Life (1946),0.0,3.5934260846957202
496,Bringing Up Baby (1938),0.0,2.818867629580691
497,"African Queen, The (1951)",0.0,3.2884470054985044
498,Cat on a Hot Tin Roof (1958),0.0,2.979408420402434
499,Fly Away Home (1996),0.0,2.8041804711206426
500,Dumbo (1941),0.0,2.544098456983577
501,Bananas (1971),0.0,2.6750815968057777
502,"Candidate, The (1972)",0.0,3.184184477272421
503,Bonnie and Clyde (1967),0.0,3.260034407653146
504,Dial M for Murder (1954),0.0,3.3178048444917834
505,Rebel Without a Cause (1955),0.0,2.877195441940874
506,"Streetcar Named Desire, A (1951)",0.0,3.168135738426122
507,"People vs. Larry Flynt, The (1996)",0.0,4.016379686260341
508,My Left Foot (1989),0.0,2.6504727731330755
509,"Magnificent Seven, The (1954)",0.0,2.9571337250337844
510,Lawrence of Arabia (1962),0.0,3.4141745843848805
511,Wings of Desire (1987),0.0,2.9276192174751743
512,"Third Man, The (1949)",0.0,3.408239161898194
513,Annie Hall (1977),0.0,3.231288535109361
514,"Boot, Das (1981)",0.0,4.740437355982959
515,Local Hero (1983),0.0,3.1323821937030294
516,Manhattan (1979),0.0,2.923074196802097
517,Miller's Crossing (1990),0.0,3.736583750699523
518,"Treasure of the Sierra Madre, The (1948)",0.0,3.2035896108014836
519,"Great Escape, The (1963)",0.0,4.256044015166755
520,"Deer Hunter, The (1978)",0.0,3.5976978215989863
521,Down by Law (1986),0.0,2.460132398771098
522,Cool Hand Luke (1967),0.0,4.090050144807912
523,"Great Dictator, The (1940)",0.0,3.02456544852546
524,"Big Sleep, The (1946)",0.0,3.074662775836198
525,Ben-Hur (1959),0.0,4.05466344817219
526,Gandhi (1982),0.0,3.5992707289706423
527,"Killing Fields, The (1984)",0.0,3.328192958544032
528,My Life as a Dog (Mitt liv som hund) (1985),0.0,3.1192576028240153
529,"Man Who Would Be King, The (1975)",0.0,3.1897940673291036
530,Shine (1996),0.0,3.752510923122756
531,Kama Sutra: A Tale of Love (1996),0.0,2.8933600058773954
532,"Daytrippers, The (1996)",0.0,2.2417415564743983
533,Traveller (1997),0.0,2.5611034182683983
534,Addicted to Love (1997),0.0,3.2539854167359485
535,Ponette (1996),0.0,1.977176239416614
536,My Own Private Idaho (1991),0.0,2.471982571013793
537,Anastasia (1997),0.0,3.6202072715460285
538,Mouse Hunt (1997),0.0,2.5980439245780755
539,Money Train (1995),0.0,1.946888618391775
540,Mortal Kombat (1995),0.0,3.091630794954585
541,Pocahontas (1995),0.0,1.8225799141166867
542,"Misï¿½rables, Les (1995)",0.0,2.5449236706447507
543,Things to Do in Denver when You're Dead (1995),0.0,3.4906536523488834
544,Vampire in Brooklyn (1995),0.0,1.4034043124532194
545,Broken Arrow (1996),0.0,3.5361353397232747
546,"Young Poisoner's Handbook, The (1995)",0.0,2.9889874054957444
547,"NeverEnding Story III, The (1994)",0.0,1.0124333830563303
548,Rob Roy (1995),0.0,2.9634655114792214
549,Die Hard: With a Vengeance (1995),0.0,3.3748579126580918
550,Lord of Illusions (1995),0.0,2.454664285281594
551,Species (1995),0.0,2.6434095050031727
552,"Walk in the Clouds, A (1995)",0.0,2.6569105397185675
553,Waterworld (1995),0.0,2.7740862540735884
554,White Man's Burden (1995),0.0,1.3106739441190802
555,Wild Bill (1995),0.0,1.856664433010553
556,Farinelli: il castrato (1994),0.0,2.3720481449626925
557,Heavenly Creatures (1994),0.0,2.846151864174352
558,Interview with the Vampire (1994),0.0,3.3910171595872662
559,"Kid in King Arthur's Court, A (1995)",0.0,1.7102694758702075
560,Mary Shelley's Frankenstein (1994),0.0,3.008658080508215
561,"Quick and the Dead, The (1995)",0.0,3.059397062830001
562,Stephen King's The Langoliers (1995),0.0,2.3181854731953413
563,Tales from the Hood (1995),0.0,1.7738331579166955
564,Village of the Damned (1995),0.0,1.9723363498417705
565,Clear and Present Danger (1994),0.0,3.364071196299968
566,Wes Craven's New Nightmare (1994),0.0,2.848599157474058
567,Speed (1994),0.0,3.528183387565126
568,Wolf (1994),0.0,2.786175842003826
569,Wyatt Earp (1994),0.0,2.2133577271601834
570,Another Stakeout (1993),0.0,1.7761671396062546
571,Blown Away (1994),0.0,2.513681636773728
572,Body Snatchers (1993),0.0,2.523313824481809
573,Boxing Helena (1993),0.0,1.543066012271583
574,City Slickers II: The Legend of Curly's Gold (1994),0.0,2.189991608999354
575,Cliffhanger (1993),0.0,2.659552504761039
576,Coneheads (1993),0.0,1.6119698570015824
577,Demolition Man (1993),0.0,3.170718009185177
578,Fatal Instinct (1993),0.0,1.9946490357331657
579,"Englishman Who Went Up a Hill, But Came Down a Mountain, The (1995)",0.0,2.8292478139977746
580,Kalifornia (1993),0.0,3.4608753312885043
581,"Piano, The (1993)",0.0,2.1024674161377437
582,Romeo Is Bleeding (1993),0.0,2.6264427369376273
583,"Secret Garden, The (1993)",0.0,3.1662998346392506
584,Son in Law (1993),0.0,1.7818344917250013
585,Terminal Velocity (1994),0.0,1.9621318819142743
586,"Hour of the Pig, The (1993)",0.0,2.7789282922909946
587,Beauty and the Beast (1991),0.0,3.6237822015175607
588,"Wild Bunch, The (1969)",0.0,3.4330444214242317
589,Hellraiser: Bloodline (1996),0.0,1.6427902153263556
590,Primal Fear (1996),0.0,3.954654439256166
591,True Crime (1995),0.0,2.1025275897377034
592,Stalingrad (1993),0.0,2.1086415060773103
593,Heavy (1995),0.0,1.008182814128092
594,"Fan, The (1996)",0.0,2.949585625683406
595,"Hunchback of Notre Dame, The (1996)",0.0,3.2365988032242243
596,Eraser (1996),0.0,3.242490804477122
597,"Big Squeeze, The (1996)",0.0,1.1348050142822554
598,Police Story 4: Project S (Chao ji ji hua) (1993),0.0,0.20504169316774398
599,Daniel Defoe's Robinson Crusoe (1996),0.0,0.8856378123466624
600,For Whom the Bell Tolls (1943),0.0,2.899666632187843
601,"American in Paris, An (1951)",0.0,2.861814608832713
602,Rear Window (1954),0.0,3.888755265437915
603,It Happened One Night (1934),0.0,2.9943413067208797
604,Meet Me in St. Louis (1944),0.0,2.280307980862042
605,All About Eve (1950),0.0,2.8168485499379123
606,Rebecca (1940),0.0,2.863465511708444
607,Spellbound (1945),0.0,2.797231339351866
608,Father of the Bride (1950),0.0,3.1110048551616214
609,Gigi (1958),0.0,2.5231109441974917
610,Laura (1944),0.0,2.9527273629274835
611,Lost Horizon (1937),0.0,3.0794221743783634
612,My Man Godfrey (1936),0.0,3.0776231728176167
613,Giant (1956),0.0,3.1710332301565973
614,"39 Steps, The (1935)",0.0,2.887043799337848
615,Night of the Living Dead (1968),0.0,3.0752598184706676
616,"Blue Angel, The (Blaue Engel, Der) (1930)",0.0,2.5908507075246248
617,Picnic (1955),0.0,2.3041610700894584
618,Extreme Measures (1996),0.0,2.9982331594963183
619,"Chamber, The (1996)",0.0,2.684117810046686
620,"Davy Crockett, King of the Wild Frontier (1955)",0.0,1.7004847349735912
621,Swiss Family Robinson (1960),0.0,2.535606439957935
622,Angels in the Outfield (1994),0.0,2.0538362373376224
623,"Three Caballeros, The (1945)",0.0,2.0563780082628114
624,"Sword in the Stone, The (1963)",0.0,3.211393575626068
625,So Dear to My Heart (1949),0.0,1.3398492621088058
626,Robin Hood: Prince of Thieves (1991),0.0,3.266928538836519
627,Sleepers (1996),0.0,3.3031131739529287
628,Victor/Victoria (1982),0.0,2.7506479722520836
629,"Great Race, The (1965)",0.0,2.7232602830462818
630,"Crying Game, The (1992)",0.0,2.511233741173869
631,Sophie's Choice (1982),0.0,3.2311801384043353
632,"Christmas Carol, A (1938)",0.0,3.0535054757772455
633,Microcosmos: Le peuple de l'herbe (1996),0.0,2.6146022454305844
634,"Fog, The (1980)",0.0,2.8642236983770912
635,Escape from New York (1981),0.0,3.253336597581509
636,"Howling, The (1981)",0.0,2.826167368034851
637,"Return of Martin Guerre, The (Retour de Martin Guerre, Le) (1982)",0.0,2.5479690713384087
638,"Tin Drum, The (Blechtrommel, Die) (1979)",0.0,2.604992367661757
639,"Cook the Thief His Wife & Her Lover, The (1989)",0.0,2.961011781683947
640,Paths of Glory (1957),0.0,3.217901049971743
641,"Grifters, The (1990)",0.0,3.2256108808779036
642,The Innocent (1994),0.0,1.380031898857324
643,"Thin Blue Line, The (1988)",0.0,2.6774768168942433
644,Paris Is Burning (1990),0.0,3.0915793982528985
645,Once Upon a Time in the West (1969),0.0,3.3647098711003713
646,Ran (1985),0.0,2.7427900928539564
647,"Quiet Man, The (1952)",0.0,3.447704391359987
648,Once Upon a Time in America (1984),0.0,3.072421189263252
649,"Seventh Seal, The (Sjunde inseglet, Det) (1957)",0.0,2.863369798303722
650,Glory (1989),0.0,3.6842987614711737
651,Rosencrantz and Guildenstern Are Dead (1990),0.0,3.2490970631229876
652,Touch of Evil (1958),0.0,2.9870190302110275
653,Chinatown (1974),0.0,3.310380919943111
654,Stand by Me (1986),0.0,3.526048373185099
655,M (1931),0.0,2.9662396984022874
656,"Manchurian Candidate, The (1962)",0.0,3.819309332519149
657,Pump Up the Volume (1990),0.0,3.346105947663645
658,Arsenic and Old Lace (1944),0.0,3.3933759378651493
659,Fried Green Tomatoes (1991),0.0,2.8434363286821034
660,High Noon (1952),0.0,3.1767617986558108
661,Somewhere in Time (1980),0.0,2.8784532719611393
662,Being There (1979),0.0,3.1084990342624366
663,"Paris, Texas (1984)",0.0,2.3953829633576373
664,Alien 3 (1992),0.0,2.9922064948754756
665,Blood For Dracula (Andy Warhol's Dracula) (1974),0.0,1.1267242482317554
666,Audrey Rose (1977),0.0,1.6367632561095338
667,Blood Beach (1981),0.0,1.143081262643117
668,Body Parts (1991),0.0,1.523497029739899
669,Body Snatchers (1993),0.0,2.687759086040435
670,Bride of Frankenstein (1935),0.0,2.9192211729924105
671,Candyman (1992),0.0,3.074583122289782
672,Cape Fear (1962),0.0,3.216173231146609
673,Cat People (1982),0.0,2.553206437816686
674,"Nosferatu (Nosferatu, eine Symphonie des Grauens) (1922)",0.0,2.429681916102946
675,"Crucible, The (1996)",0.0,2.6771473385536475
676,Fire on the Mountain (1996),0.0,0.6151250795071147
677,Volcano (1997),0.0,2.563666633455805
678,Conan the Barbarian (1981),0.0,2.887622454576521
679,Kull the Conqueror (1997),0.0,2.209576415207983
680,Wishmaster (1997),0.0,1.7816318843296586
681,I Know What You Did Last Summer (1997),0.0,3.630474081230079
682,Rocket Man (1997),0.0,2.2447277153419822
683,In the Line of Fire (1993),0.0,3.6425773285072625
684,Executive Decision (1996),0.0,2.921685834792605
685,"Perfect World, A (1993)",0.0,3.042227803707055
686,McHale's Navy (1997),0.0,2.4927794815587063
687,Leave It to Beaver (1997),0.0,2.09550303846385
688,"Jackal, The (1997)",0.0,3.1497951245014923
689,Seven Years in Tibet (1997),0.0,3.7268314878151925
690,Dark City (1998),0.0,2.8991304331188434
691,"American President, The (1995)",0.0,3.042549445326751
692,Casino (1995),0.0,3.8798616002333586
693,Persuasion (1995),0.0,2.6573741298310147
694,Kicking and Screaming (1995),0.0,2.4364067480440865
695,City Hall (1996),0.0,2.8992093097256504
696,"Basketball Diaries, The (1995)",0.0,2.926471123735784
697,"Browning Version, The (1994)",0.0,2.1327963832951276
698,Little Women (1994),0.0,2.6367713195490556
699,Miami Rhapsody (1995),0.0,1.9397129123832484
700,"Wonderful, Horrible Life of Leni Riefenstahl, The (1993)",0.0,2.31319566877575
701,Barcelona (1994),0.0,3.1293024351339396
702,Widows' Peak (1994),0.0,2.433768699826141
703,"House of the Spirits, The (1993)",0.0,2.0917445029218666
704,Singin' in the Rain (1952),0.0,2.844776422070757
705,Bad Moon (1996),0.0,1.8672687608921987
706,Enchanted April (1991),0.0,3.139231580587316
707,"Sex, Lies, and Videotape (1989)",0.0,2.404504676977493
708,Strictly Ballroom (1992),0.0,2.9417735101480744
709,Better Off Dead... (1985),0.0,3.588385358036078
710,"Substance of Fire, The (1996)",0.0,1.0257111358765856
711,Tin Men (1987),0.0,2.7962579862710206
712,Othello (1995),0.0,3.437358410189947
713,Carrington (1995),0.0,2.003918697954406
714,To Die For (1995),0.0,2.3782620179822063
715,Home for the Holidays (1995),0.0,1.726913482173667
716,"Juror, The (1996)",0.0,2.8119690138885423
717,In the Bleak Midwinter (1995),0.0,2.5413375508262543
718,Canadian Bacon (1994),0.0,2.0224746196225136
719,First Knight (1995),0.0,2.1641237453803437
720,Mallrats (1995),0.0,4.0112302065669505
721,Nine Months (1995),0.0,2.560325562696379
722,Boys on the Side (1995),0.0,2.323606865503334
723,Circle of Friends (1995),0.0,2.6361670760898557
724,Exit to Eden (1994),0.0,1.875832951544194
725,Fluke (1995),0.0,1.7855746135338817
726,Immortal Beloved (1994),0.0,3.001414060834141
727,Junior (1994),0.0,2.3360577076062388
728,Nell (1994),0.0,2.717600054537105
729,"Queen Margot (Reine Margot, La) (1994)",0.0,3.11625162075938
730,"Corrina, Corrina (1994)",0.0,2.3304352638629755
731,Dave (1993),0.0,3.0992902566065252
732,Go Fish (1994),0.0,2.090632033956609
733,Made in America (1993),0.0,1.7823670578339095
734,Philadelphia (1993),0.0,3.140737089720944
735,Shadowlands (1993),0.0,2.7040434509404467
736,Sirens (1994),0.0,2.2385201157521593
737,Threesome (1994),0.0,2.1939294748978564
738,Pretty Woman (1990),0.0,3.145533386666101
739,Jane Eyre (1996),0.0,2.495961686543944
740,"Last Supper, The (1995)",0.0,3.2834075428546314
741,Ransom (1996),0.0,3.9134248649607355
742,"Crow: City of Angels, The (1996)",0.0,1.581188999537788
743,Michael Collins (1996),0.0,3.5541296297153027
744,"Ruling Class, The (1972)",0.0,2.2717846445319316
745,Real Genius (1985),0.0,3.6518417807149466
746,Benny & Joon (1993),0.0,2.8082037217676334
747,"Saint, The (1997)",0.0,3.2318908206332364
748,"MatchMaker, The (1997)",0.0,3.028903163455077
749,Amistad (1997),0.0,3.525468648598088
750,Tomorrow Never Dies (1997),0.0,3.5779202424098853
751,"Replacement Killers, The (1998)",0.0,3.579257328443052
752,Burnt By the Sun (1994),0.0,2.60491870940884
753,Red Corner (1997),0.0,2.8248022445333003
754,Jumanji (1995),0.0,2.7809020138521974
755,Father of the Bride Part II (1995),0.0,2.5800954551846567
756,Across the Sea of Time (1995),0.0,1.2305812299416647
757,Lawnmower Man 2: Beyond Cyberspace (1996),0.0,1.581099563909711
758,Fair Game (1995),0.0,1.4453641523653993
759,Screamers (1995),0.0,2.361936150471733
760,Nick of Time (1995),0.0,2.5572900764610536
761,Beautiful Girls (1996),0.0,3.5237776505473346
762,Happy Gilmore (1996),0.0,4.734256678072466
763,If Lucy Fell (1996),0.0,2.375052790641274
764,Boomerang (1992),0.0,2.5254248960721557
765,Man of the Year (1995),0.0,1.6390352160980501
766,"Addiction, The (1995)",0.0,1.7516566905659297
767,Casper (1995),0.0,2.274062044498476
768,Congo (1995),0.0,1.9720701508476317
769,Devil in a Blue Dress (1995),0.0,2.5862221111251005
770,Johnny Mnemonic (1995),0.0,2.136960609370888
771,Kids (1995),0.0,2.9082224517327666
772,Mute Witness (1994),0.0,2.6316501050742134
773,"Prophecy, The (1995)",0.0,3.320488515993999
774,Something to Talk About (1995),0.0,1.727834465118006
775,Three Wishes (1995),0.0,2.2593462191057183
776,Castle Freak (1995),0.0,0.6981919043255895
777,Don Juan DeMarco (1995),0.0,2.9547979621254563
778,Drop Zone (1994),0.0,1.9558096075266465
779,Dumb & Dumber (1994),0.0,3.4860621955637474
780,French Kiss (1995),0.0,3.0178545136366477
781,Little Odessa (1994),0.0,1.1483035047536685
782,Milk Money (1994),0.0,1.9246609418965073
783,Beyond Bedlam (1993),0.0,0.09974878468271495
784,Only You (1994),0.0,2.2919077174008584
785,"Perez Family, The (1995)",0.0,2.1022877993167075
786,Roommates (1995),0.0,2.365647373371847
787,Relative Fear (1994),0.0,0.780676362804906
788,Swimming with Sharks (1995),0.0,3.193570591015294
789,Tommy Boy (1995),0.0,3.0406074948556947
790,"Baby-Sitters Club, The (1995)",0.0,1.206730059898888
791,Bullets Over Broadway (1994),0.0,2.6508196621395848
792,Crooklyn (1994),0.0,1.8940659175053178
793,It Could Happen to You (1994),0.0,2.883672051871218
794,Richie Rich (1994),0.0,1.5233240953936367
795,Speechless (1994),0.0,2.5498250226394545
796,Timecop (1994),0.0,2.3434486821141216
797,Bad Company (1995),0.0,1.5478249415848697
798,Boys Life (1995),0.0,1.186813844167118
799,In the Mouth of Madness (1995),0.0,2.561082120273933
800,"Air Up There, The (1994)",0.0,2.045992669277698
801,Hard Target (1993),0.0,2.4389368321572955
802,Heaven & Earth (1993),0.0,1.4589276437023504
803,Jimmy Hollywood (1994),0.0,2.004714480672961
804,Manhattan Murder Mystery (1993),0.0,2.6760805765536357
805,Menace II Society (1993),0.0,2.964727361513675
806,Poetic Justice (1993),0.0,2.048563024567076
807,"Program, The (1993)",0.0,2.8989145438855126
808,Rising Sun (1993),0.0,2.583562766586615
809,"Shadow, The (1994)",0.0,2.04053803388948
810,Thirty-Two Short Films About Glenn Gould (1993),0.0,2.096670611938702
811,Andre (1994),0.0,2.1468821407367655
812,"Celluloid Closet, The (1995)",0.0,3.8320564785415776
813,"Great Day in Harlem, A (1994)",0.0,0.1676997318637284
814,One Fine Day (1996),0.0,3.0731316142409053
815,Candyman: Farewell to the Flesh (1995),0.0,2.701734250805959
816,Frisk (1995),0.0,1.3764753216068266
817,Girl 6 (1996),0.0,2.2710365306087894
818,Eddie (1996),0.0,2.585586141779521
819,Space Jam (1996),0.0,2.707718652482388
820,Mrs. Winterbourne (1996),0.0,2.2613595573229053
821,Faces (1968),0.0,1.2283747345927782
822,Mulholland Falls (1996),0.0,2.0867666079386744
823,"Great White Hype, The (1996)",0.0,2.5406262698392816
824,"Arrival, The (1996)",0.0,3.0031065066982303
825,"Phantom, The (1996)",0.0,1.526584543061433
826,Daylight (1996),0.0,2.4649443035599274
827,Alaska (1996),0.0,1.9646464295095545
828,Fled (1996),0.0,2.588220610980834
829,Power 98 (1995),0.0,0.033539898359500754
830,Escape from L.A. (1996),0.0,2.1308899438103
831,Bogus (1996),0.0,1.5058999630172838
832,Bulletproof (1996),0.0,3.249101728144543
833,Halloween: The Curse of Michael Myers (1995),0.0,2.480240045505792
834,"Gay Divorcee, The (1934)",0.0,1.9839963668648488
835,Ninotchka (1939),0.0,2.6470010343129036
836,Meet John Doe (1941),0.0,3.014111823558891
837,In the Line of Duty 2 (1987),0.0,1.6549957822487429
838,Loch Ness (1995),0.0,1.2036953605502727
839,Last Man Standing (1996),0.0,2.9953559458632824
840,"Glimmer Man, The (1996)",0.0,2.7176298885528167
841,Pollyanna (1960),0.0,2.003629782148844
842,"Shaggy Dog, The (1959)",0.0,2.1169248544136265
843,Freeway (1996),0.0,3.420415507785499
844,That Thing You Do! (1996),0.0,3.122214118578654
845,To Gillian on Her 37th Birthday (1996),0.0,2.7503980572470224
846,Looking for Richard (1996),0.0,3.1034168369897093
847,"Murder, My Sweet (1944)",0.0,1.7775286649788733
848,Days of Thunder (1990),0.0,3.107457395434419
849,"Perfect Candidate, A (1996)",0.0,1.8400915838182663
850,Two or Three Things I Know About Her (1966),0.0,0.9983961010200328
851,"Bloody Child, The (1996)",0.0,0.03353992234975463
852,Braindead (1992),0.0,3.4848173583265756
853,Bad Taste (1987),0.0,3.2127788851984618
854,Diva (1981),0.0,2.965716895387458
855,Night on Earth (1991),0.0,2.667972943424076
856,Paris Was a Woman (1995),0.0,0.10061990651084309
857,Amityville: Dollhouse (1996),0.0,0.3029886511229643
858,April Fool's Day (1986),0.0,2.583238492299612
859,"Believers, The (1987)",0.0,2.1133725016513143
860,Nosferatu a Venezia (1986),0.0,0.7207962103546285
861,Jingle All the Way (1996),0.0,1.179425760382758
862,"Garden of Finzi-Contini, The (Giardino dei Finzi-Contini, Il) (1970)",0.0,2.1642725876852573
863,My Fellow Americans (1996),0.0,2.7692343088752382
864,"Ice Storm, The (1997)",0.0,1.9761331311466506
865,Michael (1996),0.0,3.3339652081793454
866,"Whole Wide World, The (1996)",0.0,1.5021473720325065
867,Hearts and Minds (1996),0.0,1.603972895738905
868,Fools Rush In (1997),0.0,2.705319135006979
869,Touch (1997),0.0,1.8771410065311782
870,Vegas Vacation (1997),0.0,2.5728726537199975
871,Love Jones (1997),0.0,3.0338276227239858
872,Picture Perfect (1997),0.0,3.0947902400581295
873,Career Girls (1997),0.0,2.8693573634291685
874,She's So Lovely (1997),0.0,3.4355042328939964
875,Money Talks (1997),0.0,2.578718006691666
876,Excess Baggage (1997),0.0,2.302592583843849
877,That Darn Cat! (1997),0.0,2.006576104605415
878,"Peacemaker, The (1997)",0.0,3.4184511182919595
879,Soul Food (1997),0.0,3.0493552307726572
880,Money Talks (1997),0.0,2.5377855941665417
881,Washington Square (1997),0.0,3.186053745828213
882,Telling Lies in America (1997),0.0,2.3511568962272276
883,Year of the Horse (1997),0.0,1.9163385908129829
884,Phantoms (1998),0.0,2.0504239067286094
885,"Life Less Ordinary, A (1997)",0.0,2.9074378204936124
886,Eve's Bayou (1997),0.0,3.1346582074093625
887,One Night Stand (1997),0.0,2.6331890963551388
888,"Tango Lesson, The (1997)",0.0,2.1839570167615023
889,Mortal Kombat: Annihilation (1997),0.0,1.887470511454851
890,Bent (1997),0.0,1.965865127808823
891,Flubber (1997),0.0,2.127775235335941
892,For Richer or Poorer (1997),0.0,1.9370905196978738
893,Home Alone 3 (1997),0.0,1.7050860800073475
894,Scream 2 (1997),0.0,3.881990427047478
895,"Sweet Hereafter, The (1997)",0.0,2.918304285213086
896,Time Tracers (1995),0.0,0.47866113434886093
897,"Postman, The (1997)",0.0,2.272401422018119
898,"Winter Guest, The (1997)",0.0,2.924647856928
899,Kundun (1997),0.0,3.052880642949386
900,Mr. Magoo (1997),0.0,1.3681429698352618
901,"Big Lebowski, The (1998)",0.0,3.7547692074621364
902,Afterglow (1997),0.0,2.590936290179517
903,Ma vie en rose (My Life in Pink) (1997),0.0,2.927126681599948
904,Great Expectations (1998),0.0,3.1779982077506737
905,Oscar & Lucinda (1997),0.0,2.6608785269139434
906,Vermin (1998),0.0,0.7982009791858216
907,Half Baked (1998),0.0,2.5414534178893895
908,Dangerous Beauty (1998),0.0,2.7593229698245665
909,Nil By Mouth (1997),0.0,0.9161944469519483
910,Twilight (1998),0.0,1.1473709795235025
911,U.S. Marshalls (1998),0.0,2.3232544372137625
912,Love and Death on Long Island (1997),0.0,0.5850252705366772
913,Wild Things (1998),0.0,2.329902334643314
914,Primary Colors (1998),0.0,2.7224295591203167
915,Lost in Space (1998),0.0,2.499060818739705
916,Mercury Rising (1998),0.0,1.8756693287961586
917,City of Angels (1998),0.0,2.0694048604655846
918,"City of Lost Children, The (1995)",0.0,3.2340224268723303
919,Two Bits (1995),0.0,1.3544208102672552
920,Farewell My Concubine (1993),0.0,2.9992732883126583
921,Dead Man (1995),0.0,3.018743875836483
922,Raise the Red Lantern (1991),0.0,3.1898827604794953
923,White Squall (1996),0.0,3.3406256374450938
924,Unforgettable (1996),0.0,3.0491569201089845
925,Down Periscope (1996),0.0,2.79577138043591
926,"Flower of My Secret, The (Flor de mi secreto, La) (1995)",0.0,1.4742339649339755
927,"Craft, The (1996)",0.0,3.4216312827635496
928,Harriet the Spy (1996),0.0,2.3398077110458075
929,Chain Reaction (1996),0.0,2.239215578820246
930,"Island of Dr. Moreau, The (1996)",0.0,1.9356235236387669
931,First Kid (1996),0.0,2.0293617004019904
932,"Funeral, The (1996)",0.0,2.054482003859243
933,"Preacher's Wife, The (1996)",0.0,2.206637495882627
934,Paradise Road (1997),0.0,1.7361662318007798
935,Brassed Off (1996),0.0,3.106370012823546
936,"Thousand Acres, A (1997)",0.0,3.051031009175537
937,"Smile Like Yours, A (1997)",0.0,2.689860346681345
938,Murder in the First (1995),0.0,3.296674408975187
939,Airheads (1994),0.0,2.122840511121218
940,With Honors (1994),0.0,2.139078070741111
941,What's Love Got to Do with It (1993),0.0,3.0106545228836046
942,Killing Zoe (1994),0.0,3.410865148885938
943,Renaissance Man (1994),0.0,2.169811948449796
944,Charade (1963),0.0,2.921160184275527
945,"Fox and the Hound, The (1981)",0.0,3.3230231294606734
946,"Big Blue, The (Grand bleu, Le) (1988)",0.0,2.598353788687502
947,Booty Call (1997),0.0,2.5099850461495903
948,How to Make an American Quilt (1995),0.0,2.7285473426256344
949,Georgia (1995),0.0,2.1001456765743094
950,"Indian in the Cupboard, The (1995)",0.0,2.3271548740456627
951,Blue in the Face (1995),0.0,2.764708868233502
952,Unstrung Heroes (1995),0.0,2.3092438571949927
953,Unzipped (1995),0.0,1.829298532379647
954,Before Sunrise (1995),0.0,3.2324785871340667
955,Nobody's Fool (1994),0.0,2.6967262191910404
956,Pushing Hands (1992),0.0,0.6461146640429284
957,To Live (Huozhe) (1994),0.0,2.650866736886593
958,Dazed and Confused (1993),0.0,3.4086712158180705
959,Naked (1993),0.0,2.725321391655899
960,Orlando (1993),0.0,1.727280201877513
961,Ruby in Paradise (1993),0.0,2.203952720932046
962,Some Folks Call It a Sling Blade (1993),0.0,3.4524011896902085
963,"Month by the Lake, A (1995)",0.0,1.9331100889852397
964,Funny Face (1957),0.0,2.2708920452665513
965,"Affair to Remember, An (1957)",0.0,3.216176558322062
966,Little Lord Fauntleroy (1936),0.0,2.2146435628540853
967,"Inspector General, The (1949)",0.0,2.614930414437508
968,Winnie the Pooh and the Blustery Day (1968),0.0,3.347366011220027
969,Hear My Song (1991),0.0,1.7829689621875686
970,Mediterraneo (1991),0.0,2.787167593250201
971,Passion Fish (1992),0.0,2.2438044938286583
972,Grateful Dead (1995),0.0,1.700761679101092
973,Eye for an Eye (1996),0.0,2.466641137222034
974,Fear (1996),0.0,3.116438371981291
975,Solo (1996),0.0,1.4055250553073857
976,"Substitute, The (1996)",0.0,2.576441096288455
977,Heaven's Prisoners (1996),0.0,2.196206552856956
978,"Trigger Effect, The (1996)",0.0,2.9015235875250354
979,Mother Night (1996),0.0,2.550600771771743
980,Dangerous Ground (1997),0.0,1.3667834003215147
981,Maximum Risk (1996),0.0,2.046800408652819
982,"Rich Man's Wife, The (1996)",0.0,1.7726317200164372
983,Shadow Conspiracy (1997),0.0,2.273740060484795
984,Blood & Wine (1997),0.0,2.5373747621881915
985,Turbulence (1997),0.0,2.233715172437534
986,Underworld (1997),0.0,1.4508805889484728
987,"Beautician and the Beast, The (1997)",0.0,1.8328677859896259
988,Cats Don't Dance (1997),0.0,2.269057629038111
989,Anna Karenina (1997),0.0,2.182443384954834
990,Keys to Tulsa (1997),0.0,2.043065855245339
991,Head Above Water (1996),0.0,1.546937391169503
992,Hercules (1997),0.0,3.3732807619612313
993,"Last Time I Committed Suicide, The (1997)",0.0,1.5759053624784576
994,"Kiss Me, Guido (1997)",0.0,2.7005677409430335
995,"Big Green, The (1995)",0.0,1.6682365581497491
996,Stuart Saves His Family (1995),0.0,1.572852529783551
997,Cabin Boy (1994),0.0,1.1855944887455767
998,Clean Slate (1994),0.0,2.042209877380148
999,Lightning Jack (1994),0.0,1.9736169645925232
1000,"Stupids, The (1996)",0.0,1.7646361362651959
1001,"Pest, The (1997)",0.0,1.3795323286134265
1002,That Darn Cat! (1997),0.0,0.997000269594142
1003,Geronimo: An American Legend (1993),0.0,2.3062822545061286
1004,"Double vie de Vï¿½ronique, La (Double Life of Veronique, The) (1991)",0.0,2.740878804652273
1005,Until the End of the World (Bis ans Ende der Welt) (1991),0.0,1.9554318267756547
1006,Waiting for Guffman (1996),0.0,3.5851280874296862
1007,I Shot Andy Warhol (1996),0.0,2.4280692488763678
1008,Stealing Beauty (1996),0.0,2.467261255375395
1009,Basquiat (1996),0.0,3.0838431788598193
1010,2 Days in the Valley (1996),0.0,2.754870310642921
1011,Private Parts (1997),0.0,3.656220438488384
1012,Anaconda (1997),0.0,2.1428777052713355
1013,Romy and Michele's High School Reunion (1997),0.0,2.6645722244383236
1014,Shiloh (1997),0.0,2.3376426448569454
1015,Con Air (1997),0.0,3.868517205453663
1016,Trees Lounge (1996),0.0,3.1382183635948286
1017,Tie Me Up! Tie Me Down! (1990),0.0,2.598580226850556
1018,"Die xue shuang xiong (Killer, The) (1989)",0.0,3.763106964885151
1019,Gaslight (1944),0.0,2.517956853046906
1020,8 1/2 (1963),0.0,2.291951340978771
1021,"Fast, Cheap & Out of Control (1997)",0.0,3.1520411175534626
1022,Fathers' Day (1997),0.0,2.313775082814414
1023,Mrs. Dalloway (1997),0.0,2.6425983759552882
1024,Fire Down Below (1997),0.0,2.5504105512601583
1025,"Lay of the Land, The (1997)",0.0,1.4998772438830705
1026,"Shooter, The (1995)",0.0,1.2129940256224323
1027,Grumpier Old Men (1995),0.0,3.3866340909013966
1028,Jury Duty (1995),0.0,1.4271396979932212
1029,"Beverly Hillbillies, The (1993)",0.0,1.3358607677005583
1030,Lassie (1994),0.0,1.445038745410679
1031,Little Big League (1994),0.0,1.7333277839235761
1032,Homeward Bound II: Lost in San Francisco (1996),0.0,1.8965847232309054
1033,"Quest, The (1996)",0.0,1.6874192236658434
1034,Cool Runnings (1993),0.0,2.5523086759928657
1035,Drop Dead Fred (1991),0.0,1.3753065249652365
1036,Grease 2 (1982),0.0,1.4666865105378777
1037,Switchback (1997),0.0,2.3918238238528757
1038,Hamlet (1996),0.0,3.7751594989466093
1039,Two if by Sea (1996),0.0,2.024783569899031
1040,Forget Paris (1995),0.0,2.733513916917831
1041,Just Cause (1995),0.0,2.677629703532515
1042,Rent-a-Kid (1995),0.0,1.6999616310454515
1043,"Paper, The (1994)",0.0,2.7941224269817746
1044,Fearless (1993),0.0,2.2670727945305225
1045,Malice (1993),0.0,2.800271248620647
1046,Multiplicity (1996),0.0,2.9763146030896457
1047,She's the One (1996),0.0,2.942561042079947
1048,House Arrest (1996),0.0,2.020993825772184
1049,"Ghost and Mrs. Muir, The (1947)",0.0,2.743017615345341
1050,"Associate, The (1996)",0.0,2.7730773243724722
1051,Dracula: Dead and Loving It (1995),0.0,1.6814649664076382
1052,Now and Then (1995),0.0,2.4448072494417565
1053,Mr. Wrong (1996),0.0,1.7248283326024907
1054,"Simple Twist of Fate, A (1994)",0.0,2.044576219980011
1055,Cronos (1992),0.0,2.1044185334058043
1056,"Pallbearer, The (1996)",0.0,2.0112577291592815
1057,"War, The (1994)",0.0,2.561653865937265
1058,Don't Be a Menace to South Central While Drinking Your Juice in the Hood (1996),0.0,2.920028560621198
1059,"Adventures of Pinocchio, The (1996)",0.0,2.4482175447695904
1060,"Evening Star, The (1996)",0.0,2.6239652618296225
1061,Four Days in September (1997),0.0,3.038760805026961
1062,"Little Princess, A (1995)",0.0,2.7539691423254284
1063,Crossfire (1947),0.0,1.8506128295013424
1064,Koyaanisqatsi (1983),0.0,3.3920086364648716
1065,Balto (1995),0.0,2.267716429631282
1066,Bottle Rocket (1996),0.0,3.069065187763403
1067,"Star Maker, The (Uomo delle stelle, L') (1995)",0.0,2.1271675595293402
1068,Amateur (1994),0.0,2.1833672639861184
1069,Living in Oblivion (1995),0.0,2.5464883599825057
1070,Party Girl (1995),0.0,1.9705316010412828
1071,"Pyromaniac's Love Story, A (1995)",0.0,1.580731396490101
1072,Shallow Grave (1994),0.0,3.6565309916044333
1073,Reality Bites (1994),0.0,2.957958725802203
1074,"Man of No Importance, A (1994)",0.0,1.583851975827376
1075,"Pagemaster, The (1994)",0.0,1.574204080163696
1076,Love and a .45 (1994),0.0,2.1579601635146632
1077,Oliver & Company (1988),0.0,2.1370422040237895
1078,Joe's Apartment (1996),0.0,1.7597766066736673
1079,Celestial Clockwork (1994),0.0,1.1483502056926105
1080,Curdled (1996),0.0,2.133854915288916
1081,Female Perversions (1996),0.0,1.649284908159382
1082,Albino Alligator (1996),0.0,1.633534436544719
1083,Anne Frank Remembered (1995),0.0,2.975267843355435
1084,Carried Away (1996),0.0,2.151878080401166
1085,It's My Party (1995),0.0,2.3971195608355096
1086,Bloodsport 2 (1995),0.0,1.228760724372569
1087,Double Team (1997),0.0,1.6368444862645672
1088,Speed 2: Cruise Control (1997),0.0,1.4930656799776758
1089,Sliver (1993),0.0,2.287585834323771
1090,Pete's Dragon (1977),0.0,2.222714172785722
1091,Dear God (1996),0.0,1.64221059802384
1092,Live Nude Girls (1995),0.0,2.518683060758406
1093,"Thin Line Between Love and Hate, A (1996)",0.0,1.9866603421560698
1094,High School High (1996),0.0,2.536180123254604
1095,Commandments (1997),0.0,1.3613761066547663
1096,"Hate (Haine, La) (1995)",0.0,2.674623720541312
1097,Flirting With Disaster (1996),0.0,3.190332106011305
1098,"Red Firecracker, Green Firecracker (1994)",0.0,2.0083802214068585
1099,What Happened Was... (1994),0.0,1.5601069188282473
1100,Six Degrees of Separation (1993),0.0,3.4060506670287785
1101,Two Much (1996),0.0,1.275112381263476
1102,Trust (1990),0.0,2.826512626243982
1103,C'est arrivï¿½ prï¿½s de chez vous (1992),0.0,1.418865642603281
1104,Firestorm (1998),0.0,2.465061936217439
1105,"Newton Boys, The (1998)",0.0,1.8007683220350676
1106,Beyond Rangoon (1995),0.0,2.3543415613809406
1107,Feast of July (1995),0.0,1.1941051327684702
1108,Death and the Maiden (1994),0.0,2.525339217511747
1109,Tank Girl (1995),0.0,2.042546848548013
1110,Double Happiness (1994),0.0,2.1517597072291874
1111,Cobb (1994),0.0,2.2825277138777897
1112,Mrs. Parker and the Vicious Circle (1994),0.0,2.279806270337095
1113,Faithful (1996),0.0,2.4224457513960136
1114,Twelfth Night (1996),0.0,2.7782530158615804
1115,"Mark of Zorro, The (1940)",0.0,2.332769710285353
1116,Surviving Picasso (1996),0.0,2.6302265377515113
1117,Up in Smoke (1978),0.0,2.9011467068330754
1118,Some Kind of Wonderful (1987),0.0,3.0954513149149916
1119,I'm Not Rappaport (1996),0.0,2.101369430338995
1120,"Umbrellas of Cherbourg, The (Parapluies de Cherbourg, Les) (1964)",0.0,2.012375036238306
1121,They Made Me a Criminal (1939),0.0,1.1263454588244626
1122,"Last Time I Saw Paris, The (1954)",0.0,1.4123341629890827
1123,"Farewell to Arms, A (1932)",0.0,2.526636448744358
1124,"Innocents, The (1961)",0.0,1.7633785335303018
1125,"Old Man and the Sea, The (1958)",0.0,2.1511713844832157
1126,"Truman Show, The (1998)",0.0,2.612099527355108
1127,Heidi Fleiss: Hollywood Madam (1995),0.0,1.993827904997066
1128,Chungking Express (1994),0.0,2.840231005198077
1129,Jupiter's Wife (1994),0.0,0.8418474035182087
1130,Safe (1995),0.0,2.4544814566628546
1131,Feeling Minnesota (1996),0.0,2.7175379807790785
1132,Escape to Witch Mountain (1975),0.0,2.292168490589531
1133,Get on the Bus (1996),0.0,2.838187802055193
1134,"Doors, The (1991)",0.0,3.013904148276328
1135,Ghosts of Mississippi (1996),0.0,2.955627317355725
1136,Beautiful Thing (1996),0.0,3.178224072323781
1137,Best Men (1997),0.0,1.736892372970786
1138,Hackers (1995),0.0,2.6102027208148275
1139,"Road to Wellville, The (1994)",0.0,1.2545840074998427
1140,"War Room, The (1993)",0.0,2.2648143712877635
1141,When We Were Kings (1996),0.0,3.5246216625225197
1142,Hard Eight (1996),0.0,3.1197062898359635
1143,"Quiet Room, The (1996)",0.0,1.7470644216137807
1144,Blue Chips (1994),0.0,1.9901061857885711
1145,Calendar Girl (1993),0.0,0.8337323015634767
1146,My Family (1995),0.0,2.6408491374593437
1147,Tom & Viv (1994),0.0,1.9787992303138278
1148,Walkabout (1971),0.0,2.8054889528213733
1149,Last Dance (1996),0.0,2.295157105404799
1150,Original Gangstas (1996),0.0,1.5055470729422118
1151,In Love and War (1996),0.0,2.9873431060844244
1152,Backbeat (1993),0.0,2.218308638955439
1153,Alphaville (1965),0.0,2.089796517354115
1154,"Rendezvous in Paris (Rendez-vous de Paris, Les) (1995)",0.0,1.0602867384794743
1155,Cyclo (1995),0.0,0.5974605201008099
1156,"Relic, The (1997)",0.0,2.437561250521323
1157,"Fille seule, La (A Single Girl) (1995)",0.0,1.2633440046863087
1158,Stalker (1979),0.0,2.305983187069653
1159,Love! Valour! Compassion! (1997),0.0,2.360189681274607
1160,Palookaville (1996),0.0,2.1771570484310563
1161,Phat Beach (1996),0.0,0.9154641745795099
1162,"Portrait of a Lady, The (1996)",0.0,1.9783893483658495
1163,Zeus and Roxanne (1997),0.0,1.374338070045099
1164,Big Bully (1996),0.0,1.5999872012849927
1165,Love & Human Remains (1993),0.0,1.998683010225656
1166,"Sum of Us, The (1994)",0.0,2.325149520621466
1167,Little Buddha (1993),0.0,2.5340204132728488
1168,Fresh (1994),0.0,2.754424433779374
1169,Spanking the Monkey (1994),0.0,2.519592526498472
1170,Wild Reeds (1994),0.0,2.0333288228124173
1171,"Women, The (1939)",0.0,2.6599567036623304
1172,Bliss (1997),0.0,1.4223317622302347
1173,Caught (1996),0.0,1.877054074278995
1174,Hugo Pool (1997),0.0,2.175661090298094
1175,Welcome To Sarajevo (1997),0.0,3.1575335208115103
1176,Dunston Checks In (1996),0.0,1.2171564486340019
1177,Major Payne (1994),0.0,1.7281461210981932
1178,Man of the House (1995),0.0,1.3368988103336246
1179,I Love Trouble (1994),0.0,1.7375252110093065
1180,"Low Down Dirty Shame, A (1994)",0.0,1.8187876359425679
1181,Cops and Robbersons (1994),0.0,1.7512869597872385
1182,"Cowboy Way, The (1994)",0.0,1.8963283503824684
1183,"Endless Summer 2, The (1994)",0.0,1.7222002057705668
1184,In the Army Now (1994),0.0,1.3911625036540436
1185,"Inkwell, The (1994)",0.0,0.9849383598034261
1186,Switchblade Sisters (1975),0.0,2.44427692688539
1187,Young Guns II (1990),0.0,2.9121818410588576
1188,Prefontaine (1997),0.0,2.208905749380084
1189,That Old Feeling (1997),0.0,2.502388908723907
1190,"Letter From Death Row, A (1998)",0.0,1.9760758305124895
1191,"Boys of St. Vincent, The (1993)",0.0,2.5411719584870607
1192,Before the Rain (Pred dozhdot) (1994),0.0,2.40088649605145
1193,Once Were Warriors (1994),0.0,2.7533230891217193
1194,Strawberry and Chocolate (Fresa y chocolate) (1993),0.0,2.0083140205495256
1195,"Savage Nights (Nuits fauves, Les) (1992)",0.0,1.1224339324641495
1196,"Family Thing, A (1996)",0.0,3.1861624342365418
1197,Purple Noon (1960),0.0,1.7297650822422375
1198,Cemetery Man (Dellamorte Dellamore) (1994),0.0,2.5830812105167573
1199,Kim (1950),0.0,1.7097031155149183
1200,Marlene Dietrich: Shadow and Light (1996),0.0,0.9882079998647669
1201,"Maybe, Maybe Not (Bewegte Mann, Der) (1994)",0.0,1.9073263165220524
1202,Top Hat (1935),0.0,2.1841409429987366
1203,To Be or Not to Be (1942),0.0,2.2681197977803476
1204,"Secret Agent, The (1996)",0.0,1.3974560847328474
1205,Amos & Andrew (1993),0.0,1.9510074262479864
1206,Jade (1995),0.0,1.8053003379988226
1207,Kiss of Death (1995),0.0,2.5877091843740128
1208,Mixed Nuts (1994),0.0,1.6856210399357205
1209,Virtuosity (1995),0.0,2.1398810239622703
1210,Blue Sky (1994),0.0,1.8115923006741652
1211,Flesh and Bone (1993),0.0,1.837488825281128
1212,Guilty as Sin (1993),0.0,1.3140195159833379
1213,In the Realm of the Senses (Ai no corrida) (1976),0.0,1.4431910518994027
1214,Barb Wire (1996),0.0,1.596567610783154
1215,Kissed (1996),0.0,1.9362086299008674
1216,Assassins (1995),0.0,2.217381743562701
1217,Friday (1995),0.0,3.1147996414851193
1218,"Goofy Movie, A (1995)",0.0,2.169829340161793
1219,Higher Learning (1995),0.0,3.0409740325296375
1220,When a Man Loves a Woman (1994),0.0,2.507246112385492
1221,Judgment Night (1993),0.0,2.183658054016957
1222,King of the Hill (1993),0.0,1.7321101773796044
1223,"Scout, The (1994)",0.0,1.9000383038195887
1224,Angus (1995),0.0,2.1294649890772117
1225,Night Falls on Manhattan (1997),0.0,2.7879037214105815
1226,"Awfully Big Adventure, An (1995)",0.0,1.1310125373848559
1227,Under Siege 2: Dark Territory (1995),0.0,2.0461865088300315
1228,Poison Ivy II (1995),0.0,1.7927713159564842
1229,Ready to Wear (Pret-A-Porter) (1994),0.0,1.2431465384560785
1230,Marked for Death (1990),0.0,2.2089829221615793
1231,Madonna: Truth or Dare (1991),0.0,1.9293103157490819
1232,Nï¿½nette et Boni (1996),0.0,2.3211296297301525
1233,Chairman of the Board (1998),0.0,2.0429430970165656
1234,"Big Bang Theory, The (1994)",0.0,0.8541504532761252
1235,"Other Voices, Other Rooms (1997)",0.0,0.6406128399602719
1236,Twisted (1996),0.0,2.4012329558778185
1237,Full Speed (1996),0.0,2.307658738902066
1238,Cutthroat Island (1995),0.0,1.5836089685966084
1239,Ghost in the Shell (Kokaku kidotai) (1995),0.0,3.473570723984846
1240,"Van, The (1996)",0.0,1.388582649423508
1241,"Old Lady Who Walked in the Sea, The (Vieille qui marchait dans la mer, La) (1991)",0.0,1.5318923533330726
1242,Night Flier (1997),0.0,2.751916466175355
1243,Metro (1997),0.0,2.681177176574382
1244,Gridlock'd (1997),0.0,2.806980499902518
1245,Bushwhacked (1995),0.0,1.1210364145070888
1246,Bad Girls (1994),0.0,1.236448175673707
1247,Blink (1994),0.0,2.4428390973396445
1248,For Love or Money (1993),0.0,2.243465684964414
1249,Best of the Best 3: No Turning Back (1995),0.0,1.0467460878588055
1250,A Chef in Love (1996),0.0,2.5947452534230444
1251,"Contempt (Mï¿½pris, Le) (1963)",0.0,1.7853474969451655
1252,"Tie That Binds, The (1995)",0.0,1.598152756780074
1253,Gone Fishin' (1997),0.0,1.5520511876196095
1254,Broken English (1996),0.0,1.3154922366842348
1255,"Designated Mourner, The (1997)",0.0,0.7806203271984667
1256,"Designated Mourner, The (1997)",0.0,0.6553650790208976
1257,Trial and Error (1997),0.0,2.136992872780268
1258,Pie in the Sky (1995),0.0,1.1646497319839375
1259,Total Eclipse (1995),0.0,1.464245650481826
1260,"Run of the Country, The (1995)",0.0,1.7824175376868585
1261,Walking and Talking (1996),0.0,2.1538801334319038
1262,Foxfire (1996),0.0,2.053748737149007
1263,Nothing to Lose (1994),0.0,2.09457357093476
1264,Star Maps (1997),0.0,2.5390969225877327
1265,Bread and Chocolate (Pane e cioccolata) (1973),0.0,1.8613923484369492
1266,Clockers (1995),0.0,2.55556025858067
1267,Bitter Moon (1992),0.0,2.658286292264146
1268,Love in the Afternoon (1957),0.0,2.4915870330642647
1269,Life with Mikey (1993),0.0,1.3595364227655995
1270,North (1994),0.0,1.2976115112396716
1271,Talking About Sex (1994),0.0,1.0752675391042372
1272,Color of Night (1994),0.0,2.5089657839843333
1273,Robocop 3 (1993),0.0,1.132167945624846
1274,Killer (Bulletproof Heart) (1994),0.0,1.7019166713891372
1275,Sunset Park (1996),0.0,1.794947038901618
1276,Set It Off (1996),0.0,2.814753276739747
1277,Selena (1997),0.0,2.8042194826248634
1278,Wild America (1997),0.0,1.8827999551600814
1279,Gang Related (1997),0.0,2.0922511287154393
1280,Manny & Lo (1996),0.0,2.1664658681511733
1281,"Grass Harp, The (1995)",0.0,2.133703759731487
1282,Out to Sea (1997),0.0,1.935955188567273
1283,Before and After (1996),0.0,2.4513122744296267
1284,Princess Caraboo (1994),0.0,2.124713780336294
1285,Shall We Dance? (1937),0.0,2.2906401140671577
1286,Ed (1996),0.0,0.9160287552701454
1287,Denise Calls Up (1995),0.0,1.8576584021926545
1288,Jack and Sarah (1995),0.0,1.3146910982828603
1289,Country Life (1994),0.0,0.41779433880699685
1290,Celtic Pride (1996),0.0,1.6839171691091053
1291,"Simple Wish, A (1997)",0.0,0.8683927992084132
1292,Star Kid (1997),0.0,2.1916578338698627
1293,Ayn Rand: A Sense of Life (1997),0.0,2.514260553136836
1294,Kicked in the Head (1997),0.0,1.8794625300664398
1295,Indian Summer (1996),0.0,2.9115056990815718
1296,Love Affair (1994),0.0,2.04226513076853
1297,"Band Wagon, The (1953)",0.0,2.0400317033496767
1298,Penny Serenade (1941),0.0,1.6342053489141415
1299,'Til There Was You (1997),0.0,1.474312430733089
1300,Stripes (1981),0.0,2.334809964064798
1301,Late Bloomers (1996),0.0,2.243386455714226
1302,"Getaway, The (1994)",0.0,1.713130810268554
1303,New York Cop (1996),0.0,0.7798913381808456
1304,National Lampoon's Senior Trip (1995),0.0,1.615158510770897
1305,Delta of Venus (1994),0.0,1.022221775600071
1306,Carmen Miranda: Bananas Is My Business (1994),0.0,0.44421798564589227
1307,Babyfever (1994),0.0,0.25155009534764194
1308,"Very Natural Thing, A (1974)",0.0,0.2007042166221117
1309,"Walk in the Sun, A (1945)",0.0,0.6021126498521175
1310,Waiting to Exhale (1995),0.0,1.875728495161109
1311,"Pompatus of Love, The (1996)",0.0,1.9053049881636521
1312,Palmetto (1998),0.0,2.3869589388485526
1313,Surviving the Game (1994),0.0,1.8239636571990416
1314,Inventing the Abbotts (1997),0.0,2.452536164266689
1315,"Horse Whisperer, The (1998)",0.0,1.73431164336303
1316,"Journey of August King, The (1995)",0.0,0.9523748154585814
1317,Catwalk (1995),0.0,0.5731418288837399
1318,"Neon Bible, The (1995)",0.0,0.665041355536333
1319,Homage (1995),0.0,0.1702832950337045
1320,Open Season (1996),0.0,0.7356742840259474
1321,Metisse (Cafï¿½ au Lait) (1993),0.0,1.4275671048822753
1322,"Wooden Man's Bride, The (Wu Kui) (1994)",0.0,1.1175770888190992
1323,Loaded (1994),0.0,1.5704968331485858
1324,August (1996),0.0,0.1702832950299341
1325,Boys (1996),0.0,2.196238303225196
1326,Captives (1994),0.0,1.4144861892376581
1327,Of Love and Shadows (1994),0.0,1.8477512167612842
1328,"Low Life, The (1994)",0.0,0.17028329503288128
1329,An Unforgettable Summer (1994),0.0,1.539058711820812
1330,"Last Klezmer: Leopold Kozlowski, His Life and Music, The (1995)",0.0,1.5227637507185945
1331,My Life and Times With Antonin Artaud (En compagnie d'Antonin Artaud) (1993),0.0,0.5407055613349251
1332,Midnight Dancers (Sibak) (1994),0.0,1.6867637094841108
1333,Somebody to Love (1994),0.0,0.19651098246329968
1334,American Buffalo (1996),0.0,1.931511829355133
1335,Kazaam (1996),0.0,1.1217265420262157
1336,Larger Than Life (1996),0.0,1.4358499509591027
1337,Two Deaths (1995),0.0,1.2023608246084454
1338,Stefano Quantestorie (1993),0.0,0.17028329503403514
1339,"Crude Oasis, The (1995)",0.0,0.17028329502529257
1340,Hedd Wyn (1992),0.0,0.1702832950323755
1341,"Convent, The (Convento, O) (1995)",0.0,1.0032400115848463
1342,Lotto Land (1995),0.0,0.17028329502758144
1343,"Story of Xinghua, The (1993)",0.0,1.6908000144488151
1344,"Day the Sun Turned Cold, The (Tianguo niezi) (1994)",0.0,0.862986774620554
1345,Dingo (1992),0.0,1.2708320228626893
1346,"Ballad of Narayama, The (Narayama Bushiko) (1958)",0.0,1.5748844186344577
1347,Every Other Weekend (1990),0.0,0.17028329503996145
1348,Mille bolle blu (1993),0.0,0.1702832950396666
1349,Crows and Sparrows (1949),0.0,0.5378804912452636
1350,Lover's Knot (1996),0.0,0.881330554040246
1351,Shadow of Angels (Schatten der Engel) (1976),0.0,0.17028329502590506
1352,1-900 (1994),0.0,1.4429408975312537
1353,Venice/Venice (1992),0.0,0.33040258080021445
1354,Infinity (1996),0.0,1.8928126229143232
1355,Ed's Next Move (1996),0.0,1.3241839756222622
1356,For the Moment (1994),0.0,1.3322087030243468
1357,The Deadly Cure (1996),0.0,1.3235000289200525
1358,Boys in Venice (1996),0.0,0.19651098386263738
1359,"Sexual Life of the Belgians, The (1994)",0.0,0.41510635601428975
1360,"Search for One-eye Jimmy, The (1996)",0.0,0.9729822544913945
1361,American Strays (1996),0.0,0.803237794408646
1362,"Leopard Son, The (1996)",0.0,0.1702832950297881
1363,Bird of Prey (1996),0.0,0.17028329503283185
1364,Johnny 100 Pesos (1993),0.0,0.6528685057032987
1365,JLG/JLG - autoportrait de dï¿½cembre (1994),0.0,0.1702832950244518
1366,Faust (1994),0.0,2.0221270839344565
1367,Mina Tannenbaum (1994),0.0,2.1525381791004947
1368,"Forbidden Christ, The (Cristo proibito, Il) (1950)",0.0,0.9834234782327088
1369,I Can't Sleep (J'ai pas sommeil) (1994),0.0,1.070434578057046
1370,"Machine, The (1994)",0.0,0.6506132585948722
1371,"Stranger, The (1994)",0.0,1.3947512680529013
1372,Good Morning (1971),0.0,0.17028329501983477
1373,Falling in Love Again (1980),0.0,0.30912802265020317
1374,"Cement Garden, The (1993)",0.0,2.4837002573378815
1375,Meet Wally Sparks (1997),0.0,1.3472102801271857
1376,Hotel de Love (1996),0.0,1.6665178201398034
1377,Rhyme & Reason (1997),0.0,1.2412684470845037
1378,Love and Other Catastrophes (1996),0.0,1.6233220252270182
1379,Hollow Reed (1996),0.0,1.309071626196074
1380,Losing Chase (1996),0.0,2.291883348228493
1381,"Bonheur, Le (1965)",0.0,1.344287787700056
1382,"Second Jungle Book: Mowgli & Baloo, The (1997)",0.0,1.4750931771390803
1383,Squeeze (1996),0.0,0.8104819838563988
1384,Roseanna's Grave (For Roseanna) (1997),0.0,1.759926516376039
1385,Tetsuo II: Body Hammer (1992),0.0,1.9462840058340738
1386,Fall (1997),0.0,0.8331990776692895
1387,Gabbeh (1996),0.0,2.338630505437412
1388,Mondo (1996),0.0,1.31475617315134
1389,"Innocent Sleep, The (1995)",0.0,0.8070234307579311
1390,For Ever Mozart (1996),0.0,1.03690494595328
1391,"Locusts, The (1997)",0.0,1.3687302575331597
1392,Stag (1997),0.0,1.7484530597435508
1393,Swept from the Sea (1997),0.0,1.828412784432937
1394,Hurricane Streets (1998),0.0,1.76629408400126
1395,Stonewall (1995),0.0,2.0467369651467844
1396,Of Human Bondage (1934),0.0,0.9886355143046763
1397,Anna (1996),0.0,1.4617035280214918
1398,Stranger in the House (1997),0.0,1.762078283596383
1399,Picture Bride (1995),0.0,1.9230045505566142
1400,M. Butterfly (1993),0.0,2.4204902208622765
1401,"Ciao, Professore! (1993)",0.0,1.423374493947678
1402,Caro Diario (Dear Diary) (1994),0.0,1.214598306753626
1403,Withnail and I (1987),0.0,2.314901008842366
1404,Boy's Life 2 (1997),0.0,2.1652490152313555
1405,When Night Is Falling (1995),0.0,1.8970684551276547
1406,"Specialist, The (1994)",0.0,1.556268430935409
1407,Gordy (1995),0.0,0.4827038106553725
1408,"Swan Princess, The (1994)",0.0,1.7725612591063267
1409,Harlem (1993),0.0,1.7704854162167272
1410,Barbarella (1968),0.0,1.6993101259615644
1411,Land Before Time III: The Time of the Great Giving (1995) (V),0.0,1.082836449857163
1412,Street Fighter (1994),0.0,1.4284393439188847
1413,Coldblooded (1995),0.0,0.486851151040418
1414,"Next Karate Kid, The (1994)",0.0,1.4567530690155517
1415,No Escape (1994),0.0,1.5552094110443222
1416,"Turning, The (1992)",0.0,0.9744299566755186
1417,"Joy Luck Club, The (1993)",0.0,1.6011033573819646
1418,Highlander III: The Sorcerer (1994),0.0,1.560574282223578
1419,Gilligan's Island: The Movie (1998),0.0,0.6506866933471865
1420,My Crazy Life (Mi vida loca) (1993),0.0,2.1234687257164904
1421,Suture (1993),0.0,1.1886381598471467
1422,"Walking Dead, The (1995)",0.0,1.3009584237017822
1423,I Like It Like That (1994),0.0,1.1437655538325995
1424,I'll Do Anything (1994),0.0,2.0807443705176096
1425,Grace of My Heart (1996),0.0,1.9757281391990384
1426,Drunks (1995),0.0,1.4041964715566695
1427,SubUrbia (1997),0.0,2.4214493563463324
1428,Sliding Doors (1998),0.0,1.675812239650257
1429,Ill Gotten Gains (1997),0.0,1.2739673130638396
1430,Legal Deceit (1997),0.0,2.290809549000374
1431,"Mighty, The (1998)",0.0,0.39003894112704013
1432,Men of Means (1998),0.0,0.7038492923805201
1433,Shooting Fish (1997),0.0,2.2050780974617186
1434,"Steal Big, Steal Little (1995)",0.0,1.7115152786335435
1435,Mr. Jones (1993),0.0,0.789244318528634
1436,House Party 3 (1994),0.0,1.5636201864269097
1437,Panther (1995),0.0,1.3877561127361313
1438,Jason's Lyric (1994),0.0,2.1459859665952323
1439,Above the Rim (1994),0.0,1.8215602942401181
1440,Moonlight and Valentino (1995),0.0,1.5866025239464818
1441,"Scarlet Letter, The (1995)",0.0,1.347058517774295
1442,8 Seconds (1994),0.0,2.0242110375065554
1443,That Darn Cat! (1965),0.0,1.851660355864258
1444,Ladybird Ladybird (1994),0.0,0.9049721205440754
1445,"Bye Bye, Love (1995)",0.0,2.2775583426942014
1446,Century (1993),0.0,0.30289288959717886
1447,My Favorite Season (1993),0.0,1.1198859716706036
1448,Pather Panchali (1955),0.0,2.010610899284243
1449,Golden Earrings (1947),0.0,1.2722431939195245
1450,Foreign Correspondent (1940),0.0,2.3507951948573726
1451,Lady of Burlesque (1943),0.0,0.4038571861193018
1452,Angel on My Shoulder (1946),0.0,0.20192859305582772
1453,Angel and the Badman (1947),0.0,1.393166481013855
1454,"Outlaw, The (1943)",0.0,0.7768930800689695
1455,Beat the Devil (1954),0.0,1.4586152822847496
1456,Love Is All There Is (1996),0.0,0.30289288958484123
1457,"Damsel in Distress, A (1937)",0.0,0.4038571861189885
1458,Madame Butterfly (1995),0.0,2.230234607241722
1459,Sleepover (1995),0.0,0.30289288959509253
1460,Here Comes Cookie (1935),0.0,0.2019285930620838
1461,"Thieves (Voleurs, Les) (1996)",0.0,1.8095458688164718
1462,"Boys, Les (1997)",0.0,1.266238545401216
1463,"Stars Fell on Henrietta, The (1995)",0.0,1.0992898299608969
1464,Last Summer in the Hamptons (1995),0.0,0.8139167185524899
1465,Margaret's Museum (1995),0.0,1.9852939555880251
1466,"Saint of Fort Washington, The (1993)",0.0,2.043922961046377
1467,"Cure, The (1995)",0.0,2.360534739477139
1468,Tom and Huck (1995),0.0,2.0839153660042
1469,Gumby: The Movie (1995),0.0,1.5591758177485244
1470,Hideaway (1995),0.0,1.8408764011452958
1471,"Visitors, The (Visiteurs, Les) (1993)",0.0,1.1853728450078003
1472,"Little Princess, The (1939)",0.0,2.2574518148349196
1473,Nina Takes a Lover (1994),0.0,1.6495346018583505
1474,Bhaji on the Beach (1993),0.0,1.4373472971686165
1475,Raw Deal (1948),0.0,0.5099335081238237
1476,Nightwatch (1997),0.0,1.0608808999537875
1477,Dead Presidents (1995),0.0,2.2014564957705938
1478,Reckless (1995),0.0,1.5727863089497878
1479,Herbie Rides Again (1974),0.0,1.560634039536981
1480,S.F.W. (1994),0.0,0.917191371349488
1481,"Gate of Heavenly Peace, The (1995)",0.0,1.1704652895149088
1482,"Man in the Iron Mask, The (1998)",0.0,2.4305770538404254
1483,"Jerky Boys, The (1994)",0.0,1.3268853513432375
1484,"Colonel Chabert, Le (1994)",0.0,1.5068489392854525
1485,Girl in the Cadillac (1995),0.0,0.14354989908205334
1486,Even Cowgirls Get the Blues (1993),0.0,1.043202741257598
1487,Germinal (1993),0.0,1.328806814597963
1488,Chasers (1994),0.0,1.1564230204731367
1489,Fausto (1993),0.0,1.0636074438670362
1490,Tough and Deadly (1995),0.0,0.7419490796590024
1491,Window to Paris (1994),0.0,0.5741994244671093
1492,"Modern Affair, A (1995)",0.0,0.14354968140113453
1493,"Mostro, Il (1994)",0.0,0.14354972901404206
1494,Flirt (1995),0.0,1.8474549357255057
1495,Carpool (1996),0.0,1.4827613288221457
1496,"Line King: Al Hirschfeld, The (1996)",0.0,0.9354762215516095
1497,Farmer & Chase (1995),0.0,0.5741994504673104
1498,Grosse Fatigue (1994),0.0,1.0128507760223169
1499,Santa with Muscles (1996),0.0,1.4644774612608407
1500,Prisoner of the Mountains (Kavkazsky Plennik) (1996),0.0,1.3384151569786842
1501,Naked in New York (1994),0.0,0.46310263030547366
1502,Gold Diggers: The Secret of Bear Mountain (1995),0.0,1.7985711902459443
1503,"Bewegte Mann, Der (1994)",0.0,1.4506856585814278
1504,Killer: A Journal of Murder (1995),0.0,1.1906165696297601
1505,Nelly & Monsieur Arnaud (1995),0.0,1.1524562327275139
1506,Three Lives and Only One Death (1996),0.0,0.6741770856206779
1507,"Babysitter, The (1995)",0.0,1.0691542108702143
1508,Getting Even with Dad (1994),0.0,0.7661685029727467
1509,Mad Dog Time (1996),0.0,0.8154183643899745
1510,Children of the Revolution (1996),0.0,1.7235712723429901
1511,"World of Apu, The (Apur Sansar) (1959)",0.0,1.4246828440988302
1512,Sprung (1997),0.0,0.8488966504968259
1513,Dream With the Fishes (1997),0.0,2.1093270533832857
1514,Wings of Courage (1995),0.0,0.9372399701923726
1515,"Wedding Gift, The (1994)",0.0,1.6677523728598032
1516,Race the Sun (1996),0.0,1.4337711766340377
1517,Losing Isaiah (1995),0.0,2.167358679617166
1518,New Jersey Drive (1995),0.0,1.0359968290497787
1519,"Fear, The (1995)",0.0,0.7379265497619298
1520,Mr. Wonderful (1993),0.0,1.613661200066337
1521,Trial by Jury (1994),0.0,1.7162809538721282
1522,"Good Man in Africa, A (1994)",0.0,0.6686865372841823
1523,Kaspar Hauser (1993),0.0,2.20455123781657
1524,"Object of My Affection, The (1998)",0.0,0.831825765758289
1525,Witness (1985),0.0,0.9438584814871893
1526,Senseless (1998),0.0,1.7860836706926233
1527,Nowhere (1997),0.0,1.19453891302626
1528,Underground (1995),0.0,1.1637479864906204
1529,Jefferson in Paris (1995),0.0,0.991573638024514
1530,Far From Home: The Adventures of Yellow Dog (1995),0.0,2.0243040942102506
1531,Foreign Student (1994),0.0,0.5715105850847957
1532,I Don't Want to Talk About It (De eso no se habla) (1993),0.0,0.8458786844853525
1533,Twin Town (1997),0.0,1.6430475187657974
1534,"Enfer, L' (1994)",0.0,0.9963771872347205
1535,Aiqing wansui (1994),0.0,0.5218204457784777
1536,Cosi (1996),0.0,2.0927308742142765
1537,All Over Me (1997),0.0,1.3883795232594973
1538,Being Human (1993),0.0,0.8858348348142947
1539,"Amazing Panda Adventure, The (1995)",0.0,1.9054726466497733
1540,"Beans of Egypt, Maine, The (1994)",0.0,0.9841321794581713
1541,"Scarlet Letter, The (1926)",0.0,1.3060837282330693
1542,Johns (1996),0.0,0.6385516639041564
1543,It Takes Two (1995),0.0,1.0758712046077314
1544,Frankie Starlight (1995),0.0,1.2309787795275369
1545,Shadows (Cienie) (1988),0.0,0.07210384210225604
1546,"Show, The (1995)",0.0,0.9510270685628778
1547,The Courtyard (1995),0.0,0.07210380521775962
1548,Dream Man (1995),0.0,0.35571405174039444
1549,Destiny Turns on the Radio (1995),0.0,0.9434560491053977
1550,"Glass Shield, The (1994)",0.0,0.6842000172927968
1551,"Hunted, The (1995)",0.0,1.1773162398852743
1552,"Underneath, The (1995)",0.0,1.3249468271350597
1553,Safe Passage (1994),0.0,0.5611569885293529
1554,"Secret Adventures of Tom Thumb, The (1993)",0.0,1.327550433452807
1555,Condition Red (1995),0.0,0.81685142995249
1556,Yankee Zulu (1994),0.0,0.07210377459355245
1557,Aparajito (1956),0.0,1.6795312998917769
1558,Hostile Intentions (1994),0.0,0.07210383759742589
1559,Clean Slate (Coup de Torchon) (1981),0.0,1.2300167642244653
1560,Tigrero: A Film That Was Never Made (1994),0.0,0.072103785462552
1561,"Eye of Vichy, The (Oeil de Vichy, L') (1993)",0.0,0.07210381629058712
1562,"Promise, The (Versprechen, Das) (1994)",0.0,0.07210379156275222
1563,To Cross the Rubicon (1991),0.0,0.07210385315544562
1564,Daens (1992),0.0,0.07210380453215169
1565,"Man from Down Under, The (1943)",0.0,0.0721038521427147
1566,Careful (1992),0.0,0.07210379459907004
1567,Vermont Is For Lovers (1992),0.0,0.07210378353549335
1568,"Vie est belle, La (Life is Rosey) (1987)",0.0,0.07210382119873505
1569,Quartier Mozart (1992),0.0,0.07210383535524485
1570,Touki Bouki (Journey of the Hyena) (1973),0.0,0.07210384204979398
1571,Wend Kuuni (God's Gift) (1982),0.0,0.07210379442895432
1572,Spirits of the Dead (Tre passi nel delirio) (1968),0.0,0.6605719224598098
1573,Pharaoh's Army (1995),0.0,0.07210381468259801
1574,"I, Worst of All (Yo, la peor de todas) (1990)",0.0,0.07210381211460049
1575,"Hungarian Fairy Tale, A (1987)",0.0,0.07210379213366501
1576,"Death in the Garden (Mort en ce jardin, La) (1956)",0.0,0.07210379449537606
1577,"Collectionneuse, La (1967)",0.0,0.4993305849407128
1578,Baton Rouge (1988),0.0,0.07210385563383694
1579,Liebelei (1933),0.0,0.07210384364154812
1580,"Woman in Question, The (1950)",0.0,0.07210385690951697
1581,T-Men (1947),0.0,0.07210380850179211
1582,"Invitation, The (Zaproszenie) (1986)",0.0,0.07210378158160051
1583,"Symphonie pastorale, La (1946)",0.0,0.07210380198252259
1584,American Dream (1990),0.0,0.6429471464282609
1585,Lashou shentan (1992),0.0,0.0721037797601046
1586,Terror in a Texas Town (1958),0.0,0.07210379722581162
1587,Salut cousin! (1996),0.0,0.7665420870008278
1588,Schizopolis (1996),0.0,1.8260879774738332
1589,"To Have, or Not (1995)",0.0,0.7665420861069071
1590,Duoluo tianshi (1995),0.0,2.1564432142790113
1591,"Magic Hour, The (1998)",0.0,1.9425060174018158
1592,Death in Brunswick (1991),0.0,0.547462337205827
1593,Everest (1998),0.0,1.6923956599329641
1594,Shopping (1994),0.0,0.4903428532576956
1595,Nemesis 2: Nebula (1995),0.0,0.49034285327302185
1596,Romper Stomper (1992),0.0,1.806309784920704
1597,City of Industry (1997),0.0,1.596166884643893
1598,Someone Else's America (1995),0.0,0.4488570230343699
1599,Guantanamera (1994),0.0,2.0595079269354595
1600,Office Killer (1997),0.0,0.2081607336346419
1601,"Price Above Rubies, A (1998)",0.0,1.1309536418669688
1602,Angela (1995),0.0,0.7559567410110506
1603,He Walked by Night (1948),0.0,0.8644427127017904
1604,Love Serenade (1996),0.0,1.3490495712551873
1605,Deceiver (1997),0.0,0.3452780633505952
1606,Hurricane Streets (1998),0.0,1.7423564432772007
1607,Buddy (1997),0.0,1.249842957969993
1608,B*A*P*S (1997),0.0,0.6553069181150388
1609,"Truth or Consequences, N.M. (1997)",0.0,0.9440782418034811
1610,Intimate Relations (1996),0.0,1.1017744803614637
1611,"Leading Man, The (1996)",0.0,2.0554456257008593
1612,Tokyo Fist (1995),0.0,0.9689306414637456
1613,"Reluctant Debutante, The (1958)",0.0,0.7731538171681472
1614,Warriors of Virtue (1997),0.0,1.9022608157925667
1615,Desert Winds (1995),0.0,0.8472410886087769
1616,Hugo Pool (1997),0.0,1.2376290921905464
1617,King of New York (1990),0.0,0.27192430587726807
1618,All Things Fair (1996),0.0,0.6732651149008432
1619,"Sixth Man, The (1997)",0.0,2.28490196335465
1620,Butterfly Kiss (1995),0.0,0.2768454427499198
1621,"Paris, France (1993)",0.0,1.198875157352854
1622,"Cï¿½rï¿½monie, La (1995)",0.0,1.553327535889345
1623,Hush (1998),0.0,0.4669440152542392
1624,Nightwatch (1997),0.0,0.9338880305039527
1625,Nobody Loves Me (Keiner liebt mich) (1994),0.0,0.16039638349802043
1626,"Wife, The (1995)",0.0,0.6430670952577848
1627,Lamerica (1994),0.0,1.4805093896676549
1628,Nico Icon (1995),0.0,0.9386460581003279
1629,"Silence of the Palace, The (Saimt el Qusur) (1994)",0.0,0.43908165586115266
1630,"Slingshot, The (1993)",0.0,0.8402532804665619
1631,Land and Freedom (Tierra y libertad) (1995),0.0,0.4390816558624481
1632,ï¿½ kï¿½ldum klaka (Cold Fever) (1994),0.0,0.43908165586076264
1633,Etz Hadomim Tafus (Under the Domin Tree) (1994),0.0,0.2927211039057042
1634,Two Friends (1986),0.0,0.43908165586016035
1635,Brothers in Trouble (1995),0.0,0.5854422078137466
1636,Girls Town (1996),0.0,0.43908165586176273
1637,Normal Life (1996),0.0,0.439081655859218
1638,Bitter Sugar (Azucar Amargo) (1996),0.0,1.4133626196687645
1639,"Eighth Day, The (1996)",0.0,0.4390816558608495
1640,Dadetown (1995),0.0,0.4390816558601284
1641,Some Mother's Son (1996),0.0,1.0399144228618682
1642,Angel Baby (1995),0.0,1.5443277538421563
1643,Sudden Manhattan (1996),0.0,0.5603058359092613
1644,"Butcher Boy, The (1998)",0.0,0.5854422078188795
1645,Men With Guns (1997),0.0,1.247104842848957
1646,Hana-bi (1997),0.0,0.4390816558594909
1647,"Niagara, Niagara (1997)",0.0,0.2927211039082444
1648,"Big One, The (1997)",0.0,0.4390816558592044
1649,"Butcher Boy, The (1998)",0.0,0.5854422078132061
1650,"Spanish Prisoner, The (1997)",0.0,0.5854422078160189
1651,Temptress Moon (Feng Yue) (1996),0.0,0.7845619098221026
1652,Entertaining Angels: The Dorothy Day Story (1996),0.0,0.9223659212976856
1653,Chairman of the Board (1998),0.0,0.21536726581482243
1654,"Favor, The (1994)",0.0,0.5520958797854084
1655,Little City (1998),0.0,1.1328633136805006
1656,Target (1995),0.0,0.8160350119069851
1657,"Substance of Fire, The (1996)",0.0,1.192073314706832
1658,Getting Away With Murder (1996),0.0,0.2059310589096564
1659,Small Faces (1995),0.0,0.41186211782403576
1660,"New Age, The (1994)",0.0,0.22109161548333292
1661,Rough Magic (1995),0.0,1.1036698669850518
1662,Nothing Personal (1995),0.0,0.5023335432080372
1663,8 Heads in a Duffel Bag (1997),0.0,1.9702442564998606
1664,"Brother's Kiss, A (1997)",0.0,0.5023335432064356
1665,Ripe (1996),0.0,0.5023335432073859
1666,"Next Step, The (1995)",0.0,0.7535003148123997
1667,Wedding Bell Blues (1996),0.0,0.7535003148105441
1668,MURDER and murder (1996),0.0,0.5023335432096274
1669,Tainted (1998),0.0,0.7535003148107946
1670,"Further Gesture, A (1996)",0.0,0.19660278451165575
1671,Kika (1993),0.0,0.8363798825615899
1672,Mirage (1995),0.0,0.656288811219391
1673,Mamma Roma (1962),0.0,0.885012729304811
1674,"Sunchaser, The (1996)",0.0,0.8714849538194382
1675,"War at Home, The (1996)",0.0,0.5809899692131859
1676,Sweet Nothing (1995),0.0,0.7261045031431643
1677,Mat' i syn (1997),0.0,0.2832041200975821
1678,B. Monkey (1998),0.0,0.8496123603370594
1679,Sliding Doors (1998),0.0,0.5664082402133782
1680,You So Crazy (1994),0.0,0.7147472306579591
1681,Scream of Stone (Schrei aus Stein) (1991),0.0,0.6808310024618988
